{
    "model_name": "NCF",
    "rmse": 0.8779510186796231,
    "mae": 0.6919773102814939,
    "mse": 0.770797991200588,
    "r2": 0.3852268917644156,
    "training_time": 74.64561
}