{"prototype/final_norm":0.27726228183316004,"eval/ndcg@20":0.11740743393399514,"alpha/std":0.04750878758822233,"final/eval_loss":6.879866735279093,"eval/hit_rate@20":0.7817430320326277,"eval/ndcg@10":0.11144460227535806,"eval/mae":2.3815358590992233,"eval/coverage@10":0.14439122248187766,"final/map@10":0.044670322151571205,"eval/sampled_ndcg@5":0.35866008606877237,"alpha/mean":0.6642045083394603,"final/sampled_hr@20":0.8320295495072376,"final/recall@20":0.08941255149487459,"final/novelty@20":9.172631800889345,"eval/rmse":2.6226469101686147,"_timestamp":1.7681919518460808e+09,"final/ndcg@10":0.11144460227535806,"final/f1@20":0.07483803562543556,"eval/ndcg@5":0.11232453680388652,"final/rmse":2.6226469101686147,"eval/precision@5":0.1088837809300052,"eval/recall@5":0.027704238161218548,"final/sampled_mrr":0.3460627520001083,"train/client_alpha":0.7302067190220533,"final/sampled_hr@5":0.5127092950874766,"final/novelty@10":9.022414447752208,"final/client_alpha":0.7302063273483682,"eval/f1@20":0.07483803562543556,"_step":51,"final/sampled_ndcg@5":0.35866008606877237,"final/sampled_num_users":5003.854471288673,"final/accuracy@10":0.6219244014480145,"eval/f1@10":0.05575816450112641,"final/hit_rate@10":0.6219244014480145,"final/map@20":0.037398213319839266,"final/sampled_hr@10":0.6773352431402684,"eval/sampled_hr@5":0.5127092950874766,"eval/f1@5":0.03816501685818957,"eval/novelty@10":9.022414447752208,"eval/coverage@20":0.20268776185057613,"eval/mrr":0.26275069111281213,"eval/sampled_hr@10":0.6773352431402684,"final/map@5":0.06015871741696177,"final/sampled_ndcg@20":0.45140355242801955,"eval/hit_rate@5":0.4221082226748352,"train/global_prototype_norm":0.27726228183316004,"eval/precision@10":0.10276656828293981,"eval/novelty@20":9.172631800889345,"final/sampled_num_negatives":99,"final/recall@5":0.027704238161218548,"final/hit_rate@20":0.7817430320326277,"final/coverage@20":0.20268776185057613,"eval/accuracy@10":0.6219244014480145,"eval/sampled_ndcg@20":0.45140355242801955,"final/coverage@10":0.14439122248187766,"eval/hit_rate@10":0.6219244014480145,"eval/map@5":0.06015871741696177,"eval/sampled_num_users":5003.854471288673,"eval/novelty@5":8.908357110416251,"eval/client_alpha":0.7302063273483682,"final/ndcg@20":0.11740743393399514,"eval/accuracy@20":0.7817430320326277,"final/precision@5":0.1088837809300052,"eval/map@10":0.044670322151571205,"final/hit_rate@5":0.4221082226748352,"eval/eval_loss":6.879866735279093,"final/ndcg@5":0.11232453680388652,"final/f1@5":0.03816501685818957,"eval/sampled_ndcg@10":0.41212294518325004,"train/train_loss":0.4690233378021818,"eval/accuracy@5":0.4221082226748352,"final/sampled_ndcg@10":0.41212294518325004,"eval/map@20":0.037398213319839266,"_runtime":6419.702847417,"alpha/max":0.7353498723906504,"final/precision@10":0.10276656828293981,"eval/sampled_hr@20":0.8320295495072376,"eval/sampled_num_negatives":99,"eval/recall@20":0.08941255149487459,"final/recall@10":0.05061553180526764,"final/accuracy@20":0.7817430320326277,"final/accuracy@5":0.4221082226748352,"round":51,"eval/recall@10":0.05061553180526764,"eval/sampled_mrr":0.3460627520001083,"final/coverage@5":0.10432037333236172,"eval/coverage@5":0.10432037333236172,"alpha/min":0.5906515753049535,"eval/precision@20":0.09554528183502753,"final/novelty@5":8.908357110416251,"final/f1@10":0.05575816450112641,"_wandb":{"runtime":6419},"final/precision@20":0.09554528183502753,"final/mae":2.3815358590992233,"final/mrr":0.26275069111281213}