{"final/f1@5":0.03209611521881103,"eval/coverage@5":0.0045370412657554935,"final/accuracy@10":0.5638675640852092,"final/hit_rate@20":0.7417962420604205,"alpha/max":0.898375200236178,"eval/client_alpha":0.8983748781080715,"final/novelty@5":8.507737866236816,"eval/coverage@10":0.006509663563186586,"eval/map@10":0.038476112956842924,"final/coverage@10":0.006509663563186586,"_timestamp":1.7679763941707199e+09,"final/coverage@20":0.009638842381753547,"final/mae":2.5370886615273713,"final/precision@10":0.0909837998721091,"final/client_alpha":0.8983748781080715,"final/ndcg@5":0.09739279091214724,"alpha/std":1.1102230246251565e-16,"eval/novelty@10":8.577305419913339,"final/precision@5":0.0954538287497796,"prototype/final_norm":0.31437036395072937,"eval/hit_rate@10":0.5638675640852092,"eval/mae":2.5370886615273713,"eval/precision@5":0.0954538287497796,"final/accuracy@20":0.7417962420604205,"eval/f1@20":0.0669004074336069,"eval/precision@20":0.08640181858163785,"final/novelty@20":8.659165917330379,"final/recall@5":0.023371715321086322,"eval/novelty@20":8.659165917330379,"final/precision@20":0.08640181858163785,"eval/accuracy@20":0.7417962420604205,"eval/coverage@20":0.009638842381753547,"_runtime":1150.612453729,"final/rmse":2.7696740819391423,"eval/map@5":0.051889979960102736,"alpha/mean":0.8983752002361779,"final/map@5":0.051889979960102736,"eval/hit_rate@20":0.7417962420604205,"final/ndcg@20":0.10443743558999154,"final/map@20":0.03227904759341109,"final/f1@10":0.04852307586206708,"train/client_alpha":0.898375200236178,"eval/ndcg@10":0.09747456255122036,"train/train_loss":0.5771140759839307,"final/coverage@5":0.0045370412657554935,"eval/ndcg@20":0.10443743558999154,"final/recall@10":0.04407913608544607,"final/eval_loss":7.678480191395558,"final/ndcg@10":0.09747456255122036,"eval/rmse":2.7696740819391423,"eval/hit_rate@5":0.3722562974181596,"eval/recall@20":0.08023250742734651,"final/map@10":0.038476112956842924,"eval/ndcg@5":0.09739279091214724,"train/global_prototype_norm":0.31437036395072937,"_wandb":{"runtime":1150},"eval/novelty@5":8.507737866236816,"eval/accuracy@10":0.5638675640852092,"eval/f1@10":0.04852307586206708,"eval/map@20":0.03227904759341109,"eval/recall@5":0.023371715321086322,"eval/accuracy@5":0.3722562974181596,"eval/f1@5":0.03209611521881103,"final/accuracy@5":0.3722562974181596,"eval/precision@10":0.0909837998721091,"final/recall@20":0.08023250742734651,"alpha/min":0.898375200236178,"final/f1@20":0.0669004074336069,"eval/recall@10":0.04407913608544607,"round":11,"final/mrr":0.23095538241467775,"eval/eval_loss":7.678480191395558,"final/hit_rate@10":0.5638675640852092,"final/novelty@10":8.577305419913339,"eval/mrr":0.23095538241467775,"_step":11,"final/hit_rate@5":0.3722562974181596}