{
    "eval/mrr": 0.18576586694540076,
    "_runtime": 869.665895073,
    "round": 11,
    "final/coverage@5": 0.0016189962223421479,
    "eval/precision@20": 0.06678078135698581,
    "final/recall@20": 0.060353278785850305,
    "eval/accuracy@20": 0.6542536647347453,
    "eval/recall@10": 0.033681153163772154,
    "eval/ndcg@5": 0.07871735690605179,
    "eval/accuracy@5": 0.32052362206818713,
    "final/novelty@10": 8.892719842508132,
    "eval/novelty@20": 9.11349390800631,
    "_wandb": {
        "runtime": 869
    },
    "final/mrr": 0.1853505444258816,
    "eval/map@5": 0.04034389323845221,
    "eval/ndcg@10": 0.07728256061020453,
    "final/f1@10": 0.03759372709399493,
    "_step": 11,
    "final/precision@10": 0.07268357367810377,
    "eval/rmse": 0.9724834525116371,
    "final/f1@5": 0.025256338352828516,
    "final/novelty@5": 8.760712765525602,
    "final/ndcg@5": 0.07765018562223305,
    "train/train_loss": 0.9928668155022192,
    "final/accuracy@10": 0.47389358528095477,
    "eval/hit_rate@20": 0.6542536647347453,
    "eval/accuracy@10": 0.48741375823706395,
    "final/accuracy@5": 0.31576330183988066,
    "final/accuracy@20": 0.6449527598209845,
    "eval/novelty@5": 8.78902452904493,
    "final/coverage@10": 0.0029681597409606042,
    "final/hit_rate@5": 0.31576330183988066,
    "eval/novelty@10": 8.916197285667716,
    "final/ndcg@20": 0.07937667085199089,
    "eval/recall@5": 0.018375129620690756,
    "final/hit_rate@10": 0.47389358528095477,
    "final/map@10": 0.02907901493286045,
    "final/coverage@20": 0.007555315704263357,
    "final/precision@5": 0.0786341786839052,
    "_timestamp": 1.7665084687184327e+09,
    "final/mae": 0.7794032525783111,
    "final/hit_rate@20": 0.6449527598209845,
    "eval/f1@20": 0.050720951096276,
    "final/eval_loss": 0.9345685142085414,
    "eval/ndcg@20": 0.07963831234609486,
    "eval/recall@20": 0.06042522537858005,
    "final/map@5": 0.03998360867082896,
    "final/recall@5": 0.018211007592918355,
    "final/ndcg@10": 0.07645168128003144,
    "final/f1@20": 0.05036362810824071,
    "eval/map@20": 0.02297558125086518,
    "eval/mae": 0.7847610227861792,
    "final/recall@10": 0.03369984319884087,
    "final/precision@20": 0.06611138736946794,
    "eval/precision@5": 0.08068727558772576,
    "final/rmse": 0.9667308385334535,
    "eval/hit_rate@5": 0.32052362206818713,
    "final/map@20": 0.02315341889365776,
    "final/novelty@20": 9.081892695114098,
    "eval/coverage@10": 0.0029499283665884468,
    "eval/map@10": 0.029115996054702078,
    "eval/coverage@20": 0.007494917195069654,
    "eval/coverage@5": 0.0016007648479699906,
    "eval/precision@10": 0.07402159349672108,
    "eval/f1@5": 0.025604575818153393,
    "eval/hit_rate@10": 0.48741375823706395,
    "eval/f1@10": 0.03798446173653039,
    "eval/eval_loss": 0.9469865613434264
}