{"eval/map@5":0.0421947699102108,"eval/coverage@10":0.003748983499038802,"eval/recall@20":0.06806740866906148,"f1@5":0.02397087001659868,"eval/novelty@10":8.782966407802414,"eval/recall@10":0.03744806584224169,"precision@10":0.0781700646444555,"eval/coverage@5":0.0016189962223421477,"accuracy@20":0.6724680921597879,"eval/mae":0.7833215587817035,"eval/f1@20":0.05631931960845776,"eval/hit_rate@20":0.6802409015673823,"eval/ndcg@10":0.0837837541749802,"coverage@10":0.0037776578521316784,"_runtime":860,"ndcg@5":0.07552601127007656,"map@10":0.030497077007006525,"eval/mrr":0.19753284337476745,"accuracy@5":0.30316592076910326,"eval/rmse":0.9720947364560146,"mrr":0.18947657667028908,"hit_rate@10":0.5029007127465606,"eval/map@10":0.03198052307948179,"train/train_loss":0.9918502222655798,"mae":0.7780850636692223,"rmse":0.9665896347825631,"eval/hit_rate@5":0.3103168555543933,"ndcg@20":0.08621097136666181,"eval_loss":0.9342955221024603,"eval/accuracy@5":0.3103168555543933,"eval/accuracy@10":0.5124075708105994,"coverage@5":0.0016189962223421479,"eval/f1@5":0.024582472776643292,"f1@10":0.04093853621894835,"map@5":0.03917942059413964,"novelty@20":8.924570814210508,"map@20":0.025486528897471456,"eval/ndcg@5":0.07985277991286005,"eval/novelty@20":8.958891583875866,"eval/coverage@20":0.007228194993661899,"eval/ndcg@20":0.08818162838971796,"eval/hit_rate@10":0.5124075708105994,"eval/precision@10":0.08073082387818242,"recall@5":0.01723044469301586,"hit_rate@5":0.30316592076910326,"coverage@20":0.007285483000539665,"precision@20":0.07245980440908337,"eval/precision@5":0.07882191562052912,"ndcg@10":0.08046844397216976,"eval/accuracy@20":0.6802409015673823,"round":10,"_timestamp":1.7665038747592115e+09,"eval/recall@5":0.017450972185382246,"eval/eval_loss":0.9462371646720605,"recall@20":0.06704847761823085,"_wandb":{"runtime":860},"novelty@10":8.757142607619327,"eval/f1@10":0.041936832590589584,"hit_rate@20":0.6724680921597879,"_step":10,"eval/map@20":0.026220793939943386,"recall@10":0.036710019757931645,"eval/precision@20":0.07354242609616543,"precision@5":0.07525277639648599,"f1@20":0.05563846144862251,"eval/novelty@5":8.825200773939613,"novelty@5":8.789990681468256,"accuracy@10":0.5029007127465606}