{"final/map@20":0.02506816711818765,"final/f1@10":0.038088682984368114,"final/recall@10":0.034145551098414155,"final/hit_rate@20":0.6736283772584121,"eval/hit_rate@10":0.4868689753184706,"final/eval_loss":0.9341592405864525,"final/f1@20":0.054574171315294365,"eval/f1@20":0.05510420040586031,"eval/novelty@20":9.002372251054089,"_timestamp":1.7669277897999833e+09,"eval/f1@10":0.03832433835887006,"final/precision@10":0.07303165920769103,"final/novelty@10":8.882914451449034,"final/mae":0.7769475006623121,"eval/ndcg@20":0.08572029251023552,"final/accuracy@10":0.48516492623901875,"eval/eval_loss":0.9459367688634326,"final/f1@5":0.02635773816100851,"final/coverage@20":0.005666486778197518,"eval/hit_rate@20":0.6833861888173497,"eval/accuracy@10":0.4868689753184706,"eval/coverage@5":0.0013491635186184564,"final/recall@20":0.0659642608622321,"eval/precision@20":0.07179125182643652,"eval/ndcg@5":0.08234033732233483,"final/coverage@10":0.003507825148407987,"eval/mae":0.7820755098201237,"eval/recall@10":0.03424116797031625,"_step":11,"final/hit_rate@10":0.48516492623901875,"eval/recall@5":0.019083204766173038,"final/hit_rate@5":0.324548317586607,"final/novelty@5":8.681157799770522,"eval/recall@20":0.06643851781956664,"final/recall@5":0.018959758724616815,"eval/mrr":0.19469347318021962,"eval/map@20":0.025005621541840148,"eval/coverage@20":0.00564825540382536,"eval/accuracy@5":0.3309569670648003,"eval/novelty@10":8.911603807896292,"final/mrr":0.1934927084688536,"final/novelty@20":8.980968961349317,"eval/ndcg@10":0.0791068507432242,"final/precision@5":0.08108735289242498,"final/map@5":0.04165695158111866,"eval/f1@5":0.026699586320588397,"eval/novelty@5":8.713796911157946,"final/ndcg@10":0.07803761872495493,"train/train_loss":0.9922658943670127,"final/rmse":0.9665191361823696,"_runtime":861.138547681,"eval/hit_rate@5":0.3309569670648003,"eval/coverage@10":0.0034713623996636724,"round":11,"eval/map@10":0.030291943957514736,"final/precision@20":0.07086026852312283,"final/accuracy@5":0.324548317586607,"final/accuracy@20":0.6736283772584121,"eval/accuracy@20":0.6833861888173497,"final/ndcg@5":0.08050820775100459,"final/coverage@5":0.0013491635186184566,"eval/map@5":0.04261677226624281,"final/ndcg@20":0.08510480336868971,"eval/precision@5":0.08393807205494709,"_wandb":{"runtime":861},"final/map@10":0.0299189386358567,"eval/rmse":0.9719270430871649,"eval/precision@10":0.07431255124386542}