{
    "model_name": "BASIC_MF_Federated_FEDPROX",
    "dataset": "ml-1m",
    "federated_config": {
        "num_rounds": 50,
        "num_clients": 10,
        "fraction_train": 0.3,
        "strategy": "fedprox",
        "proximal_mu": 0.05,
        "model_type": "basic",
        "embedding_dim": 128,
        "dropout": 0.1,
        "learning_rate": 0.005
    },
    "timestamp": "2025-12-28T23:33:19.977062",
    "final_metrics": {
        "eval_loss": 0.9698980196928612,
        "rmse": 0.9848340061558306,
        "mae": 0.7930119282647178,
        "hit_rate@5": 0.32620586772749877,
        "accuracy@5": 0.32620586772749877,
        "precision@5": 0.08158461793469253,
        "recall@5": 0.019611256612178846,
        "f1@5": 0.02703445075229388,
        "ndcg@5": 0.08155701525459422,
        "map@5": 0.04245105622778423,
        "coverage@5": 0.0016189962223421479,
        "novelty@5": 8.665498797219268,
        "hit_rate@10": 0.4803580308304326,
        "accuracy@10": 0.4803580308304326,
        "precision@10": 0.07417536880490636,
        "recall@10": 0.03350461795710708,
        "f1@10": 0.038013509891209454,
        "ndcg@10": 0.07927535215619924,
        "map@10": 0.03077543126268194,
        "coverage@10": 0.004856988667026443,
        "novelty@10": 8.846181994245217,
        "hit_rate@20": 0.634012928891099,
        "accuracy@20": 0.634012928891099,
        "precision@20": 0.06568871208354052,
        "recall@20": 0.05887237841044523,
        "f1@20": 0.049605034372099455,
        "ndcg@20": 0.0808298063866756,
        "map@20": 0.02445568483936668,
        "coverage@20": 0.006745817593092283,
        "novelty@20": 9.079992239277162,
        "mrr": 0.19247707502465006
    },
    "training_rounds": 50
}