{"eval/accuracy@20":0.7848761952219301,"final/sampled_num_negatives":99,"eval/f1@20":0.0751866468647615,"eval/recall@10":0.049790665329741295,"eval/mae":1.5004022764866296,"alpha/max":0.7353498723906504,"final/client_alpha":0.7302063273483682,"alpha/min":0.5906515753049535,"eval/sampled_mrr":0.359462100468642,"final/hit_rate@20":0.7848761952219301,"eval/sampled_num_negatives":99,"eval/sampled_ndcg@10":0.42173445284332917,"train/train_loss":0.4317848790180797,"final/eval_loss":3.363731222649992,"final/map@10":0.042452832524278776,"final/precision@5":0.10573046571918182,"final/sampled_num_users":5003.854471288673,"alpha/std":0.04750878758822233,"final/map@5":0.05675320328916907,"eval/eval_loss":3.363731222649992,"final/sampled_ndcg@20":0.4623758041559749,"final/f1@5":0.036714122660796364,"eval/recall@20":0.08998562674990124,"eval/novelty@20":9.071175060868384,"eval/ndcg@10":0.10707680092530923,"final/recall@20":0.08998562674990124,"eval/hit_rate@5":0.41028268289223835,"eval/precision@5":0.10573046571918182,"eval/map@5":0.05675320328916907,"eval/ndcg@5":0.10677760195502453,"_timestamp":1.768207364749729e+09,"eval/precision@10":0.10084250142638114,"final/accuracy@5":0.41028268289223835,"final/ndcg@20":0.11478546193570037,"alpha/mean":0.6642045083394603,"final/sampled_hr@20":0.8367390172056913,"final/hit_rate@10":0.6109698063800193,"final/recall@10":0.049790665329741295,"final/accuracy@10":0.6109698063800193,"final/map@20":0.03588667789357549,"final/precision@10":0.10084250142638114,"final/sampled_hr@10":0.6764162194937847,"eval/client_alpha":0.7302063273483682,"final/novelty@5":8.890251916060238,"prototype/final_norm":0.055277670145020205,"eval/sampled_num_users":5003.854471288673,"eval/mrr":0.2481126573425162,"final/coverage@10":0.1080929432336106,"final/mrr":0.2481126573425162,"eval/hit_rate@10":0.6109698063800193,"eval/novelty@5":8.890251916060238,"final/sampled_ndcg@10":0.42173445284332917,"_step":51,"final/novelty@20":9.071175060868384,"eval/sampled_ndcg@5":0.3692694785613714,"eval/coverage@20":0.1560833767744792,"final/coverage@20":0.1560833767744792,"eval/map@20":0.03588667789357549,"final/mae":1.5004022764866296,"train/client_alpha":0.7302067190220533,"final/novelty@10":8.95781192806795,"eval/ndcg@20":0.11478546193570037,"final/rmse":1.8220226263494792,"eval/f1@10":0.05527629691123552,"eval/accuracy@5":0.41028268289223835,"final/accuracy@20":0.7848761952219301,"eval/sampled_hr@10":0.6764162194937847,"_wandb":{"runtime":6827},"final/ndcg@5":0.10677760195502453,"final/sampled_ndcg@5":0.3692694785613714,"final/recall@5":0.026743240057695697,"eval/recall@5":0.026743240057695697,"final/precision@20":0.09503596699277943,"train/global_prototype_norm":0.055277670145020205,"final/f1@10":0.05527629691123552,"eval/sampled_hr@20":0.8367390172056913,"eval/sampled_ndcg@20":0.4623758041559749,"eval/map@10":0.042452832524278776,"eval/sampled_hr@5":0.5140779239032217,"eval/f1@5":0.036714122660796364,"final/f1@20":0.0751866468647615,"final/sampled_mrr":0.359462100468642,"round":51,"final/hit_rate@5":0.41028268289223835,"eval/precision@20":0.09503596699277943,"eval/coverage@5":0.07903226737174336,"eval/novelty@10":8.95781192806795,"final/sampled_hr@5":0.5140779239032217,"final/coverage@5":0.07903226737174336,"eval/rmse":1.8220226263494792,"eval/accuracy@10":0.6109698063800193,"eval/hit_rate@20":0.7848761952219301,"_runtime":6827.751169907,"eval/coverage@10":0.1080929432336106,"final/ndcg@10":0.10707680092530923}