{"eval/precision@10":0.07555363706087011,"final/mrr":0.19247707502465006,"final/hit_rate@5":0.32620586772749877,"final/mae":0.7930119282647178,"final/accuracy@5":0.32620586772749877,"eval/f1@10":0.03808828927154662,"final/hit_rate@20":0.634012928891099,"eval/ndcg@10":0.08067132100124498,"eval/coverage@20":0.0064790346923765405,"eval/recall@5":0.01965304187773284,"eval/hit_rate@5":0.3366814853615114,"_timestamp":1.766939599974779e+09,"eval/ndcg@5":0.08467734065054593,"final/accuracy@10":0.4803580308304326,"final/precision@20":0.06568871208354052,"final/ndcg@10":0.07927535215619924,"eval/precision@20":0.06548966284769757,"eval/novelty@20":9.115874441879258,"_wandb":{"runtime":2701},"eval/coverage@10":0.004807489055800115,"eval/f1@5":0.027394315481740407,"eval/accuracy@20":0.6375758645423719,"_runtime":2701.794897021,"_step":51,"final/precision@5":0.08158461793469253,"eval/accuracy@10":0.4865609917723302,"eval/coverage@5":0.0016189962223421477,"final/ndcg@5":0.08155701525459422,"final/novelty@5":8.665498797219268,"eval/mrr":0.1956603215496816,"final/coverage@20":0.006745817593092283,"eval/rmse":0.9905506823166688,"eval/f1@20":0.048832763383634896,"eval/recall@20":0.05681498140343098,"round":51,"final/ndcg@20":0.0808298063866756,"train/train_loss":0.9945826034121166,"eval/ndcg@20":0.0802101216693327,"eval/accuracy@5":0.3366814853615114,"final/map@10":0.03077543126268194,"eval/hit_rate@20":0.6375758645423719,"eval/eval_loss":0.9813079584571698,"eval/map@5":0.04412436940405261,"final/recall@20":0.05887237841044523,"final/f1@10":0.038013509891209454,"final/map@20":0.02445568483936668,"eval/hit_rate@10":0.4865609917723302,"eval/novelty@5":8.693636806101324,"final/rmse":0.9848340061558306,"final/eval_loss":0.9698980196928612,"final/accuracy@20":0.634012928891099,"eval/mae":0.797916200832306,"final/recall@5":0.019611256612178846,"eval/map@10":0.03123620580025898,"eval/map@20":0.023973589006676045,"final/hit_rate@10":0.4803580308304326,"final/coverage@5":0.0016189962223421479,"final/coverage@10":0.004856988667026443,"final/f1@20":0.049605034372099455,"final/novelty@20":9.079992239277162,"final/map@5":0.04245105622778423,"eval/recall@10":0.03337156249292844,"final/novelty@10":8.846181994245217,"eval/precision@5":0.08549170565190335,"eval/novelty@10":8.874020644864748,"final/recall@10":0.03350461795710708,"final/f1@5":0.02703445075229388,"final/precision@10":0.07417536880490636}