{"final/map@10":0.04408180179902924,"final/coverage@5":0.0904498409258631,"_wandb":{"runtime":15574},"final/ndcg@20":0.115681169572845,"eval/ndcg@10":0.10930448224805982,"final/sampled_hr@5":0.5203320564341628,"final/precision@10":0.1007445401436952,"eval/sampled_hr@20":0.8389259128610486,"eval/sampled_ndcg@5":0.3741722270727863,"final/recall@20":0.08860877317130415,"eval/hit_rate@10":0.6027843619945947,"final/mae":1.5320047557568206,"eval/coverage@5":0.0904498409258631,"eval/f1@10":0.05535805690574353,"eval/recall@20":0.08860877317130415,"alpha/std":0.04750878758822233,"eval/sampled_num_negatives":99,"final/novelty@5":8.866437178042924,"eval/hit_rate@5":0.4210624285692139,"train/client_alpha":0.7302067190220533,"final/accuracy@10":0.6027843619945947,"_timestamp":1.7682249556339512e+09,"final/sampled_ndcg@10":0.42699756814392176,"final/novelty@10":8.98608306129237,"eval/ndcg@20":0.115681169572845,"prototype/final_norm":0.06520058825461933,"final/accuracy@5":0.4210624285692139,"final/sampled_num_users":5003.854471288673,"eval/recall@5":0.02815999047700303,"final/novelty@20":9.127614428218957,"eval/map@5":0.06017764443826633,"eval/client_alpha":0.7302063273483682,"_runtime":15574.649195019,"eval/mrr":0.2602042598185673,"alpha/max":0.7353498723906504,"final/hit_rate@5":0.4210624285692139,"train/train_loss":0.40160013535251193,"final/recall@5":0.02815999047700303,"final/sampled_num_negatives":99,"final/map@20":0.03703553404257837,"final/ndcg@5":0.11230759912444793,"final/recall@10":0.04903971641814461,"alpha/mean":0.6642045083394603,"final/f1@5":0.03876827951744472,"eval/precision@5":0.10922989554961787,"final/f1@20":0.07435508000364464,"eval/precision@10":0.1007445401436952,"eval/f1@5":0.03876827951744472,"eval/eval_loss":3.4386769808220583,"train/global_prototype_norm":0.06520058825461933,"eval/coverage@10":0.12779318285748273,"final/sampled_hr@10":0.6832363806893056,"final/precision@20":0.093546299381729,"eval/accuracy@5":0.4210624285692139,"eval/sampled_num_users":5003.854471288673,"final/hit_rate@10":0.6027843619945947,"final/accuracy@20":0.7745190163688701,"final/precision@5":0.10922989554961787,"eval/accuracy@20":0.7745190163688701,"final/eval_loss":3.4386769808220583,"eval/recall@10":0.04903971641814461,"final/mrr":0.2602042598185673,"final/coverage@10":0.12779318285748273,"final/f1@10":0.05535805690574353,"eval/precision@20":0.093546299381729,"eval/sampled_ndcg@10":0.42699756814392176,"round":101,"eval/mae":1.5320047557568206,"eval/novelty@10":8.98608306129237,"final/sampled_ndcg@5":0.3741722270727863,"eval/sampled_hr@5":0.5203320564341628,"final/rmse":1.8533452805153026,"eval/novelty@5":8.866437178042924,"alpha/min":0.5906515753049535,"eval/accuracy@10":0.6027843619945947,"eval/sampled_hr@10":0.6832363806893056,"final/sampled_hr@20":0.8389259128610486,"eval/map@20":0.03703553404257837,"eval/map@10":0.04408180179902924,"_step":101,"final/map@5":0.06017764443826633,"eval/novelty@20":9.127614428218957,"eval/sampled_mrr":0.36379788927056095,"final/ndcg@10":0.10930448224805982,"final/sampled_ndcg@20":0.4665248636986899,"eval/f1@20":0.07435508000364464,"final/client_alpha":0.7302063273483682,"eval/coverage@20":0.1758136544625636,"eval/sampled_ndcg@20":0.4665248636986899,"final/coverage@20":0.1758136544625636,"eval/hit_rate@20":0.7745190163688701,"eval/ndcg@5":0.11230759912444793,"final/hit_rate@20":0.7745190163688701,"eval/rmse":1.8533452805153026,"final/sampled_mrr":0.36379788927056095}