{
    "model_name": "BPR_MF_Personalized_Split_FEDPROX_Adaptive",
    "dataset": "ml-1m",
    "architecture": "split_learning_adaptive",
    "federated_config": {
        "num_rounds": 10,
        "num_clients": 10,
        "fraction_train": 1.0,
        "strategy": "fedprox",
        "proximal_mu": 0.01,
        "model_type": "bpr",
        "embedding_dim": 128,
        "dropout": 0.1,
        "learning_rate": 0.005,
        "split_learning": true,
        "global_params": [
            "item_embeddings",
            "item_bias",
            "global_bias"
        ],
        "local_params": [
            "user_embeddings",
            "user_bias"
        ]
    },
    "adaptive_config": {
        "alpha_min": 0.1,
        "alpha_max": 0.95,
        "quantity_threshold": 100,
        "quantity_temperature": 0.05,
        "prototype_momentum": 0.9
    },
    "alpha_analysis": {
        "mean": 0.6642045083394602,
        "std": 0.04750878758822233,
        "min": 0.5906515753049535,
        "max": 0.7353498723906504,
        "median": 0.6547878423263561
    },
    "global_prototype_norm": 0.2071789076313436,
    "timestamp": "2026-01-11T19:00:31.071851",
    "final_metrics": {
        "eval_loss": 7.8058238534032105,
        "rmse": 2.7932447846307253,
        "mae": 2.5608107411508576,
        "client_alpha": 0.7302063273483682,
        "hit_rate@5": 0.3872744183443963,
        "accuracy@5": 0.3872744183443963,
        "precision@5": 0.10010598104969376,
        "recall@5": 0.0251820652994386,
        "f1@5": 0.03440162993204576,
        "ndcg@5": 0.10554072284694822,
        "map@5": 0.05725802232770817,
        "coverage@5": 0.003989010144794044,
        "novelty@5": 8.424057773864993,
        "hit_rate@10": 0.5692080121626865,
        "accuracy@10": 0.5692080121626865,
        "precision@10": 0.09497173875859595,
        "recall@10": 0.04558147854327949,
        "f1@10": 0.050526968666219904,
        "ndcg@10": 0.10417348339856353,
        "map@10": 0.04233839422193252,
        "coverage@10": 0.005449554195820915,
        "novelty@10": 8.519312451703483,
        "hit_rate@20": 0.7429690808118367,
        "accuracy@20": 0.7429690808118367,
        "precision@20": 0.08726902028232206,
        "recall@20": 0.08061635919421599,
        "f1@20": 0.06749088282322613,
        "ndcg@20": 0.10875208763988273,
        "map@20": 0.03491002410021064,
        "coverage@20": 0.008829449482716314,
        "novelty@20": 8.639994428988443,
        "mrr": 0.2514408837402649,
        "sampled_hr@5": 0.41565280125664883,
        "sampled_ndcg@5": 0.28768018358211506,
        "sampled_hr@10": 0.5700056935283301,
        "sampled_ndcg@10": 0.33776751333978927,
        "sampled_hr@20": 0.7306527502023312,
        "sampled_ndcg@20": 0.3783320037853363,
        "sampled_mrr": 0.28502960258805465,
        "sampled_num_negatives": 99.0,
        "sampled_num_users": 5003.854471288673
    },
    "training_rounds": 10
}