{
    "model_name": "BPR_MF_Personalized_Split_FEDPROX_Adaptive",
    "dataset": "ml-1m",
    "architecture": "split_learning_adaptive",
    "federated_config": {
        "num_rounds": 50,
        "num_clients": 10,
        "fraction_train": 1.0,
        "strategy": "fedprox",
        "proximal_mu": 0.01,
        "model_type": "bpr",
        "embedding_dim": 128,
        "dropout": 0.1,
        "learning_rate": 0.005,
        "split_learning": true,
        "global_params": [
            "item_embeddings",
            "item_bias",
            "global_bias"
        ],
        "local_params": [
            "user_embeddings",
            "user_bias"
        ]
    },
    "adaptive_config": {
        "alpha_min": 0.1,
        "alpha_max": 0.95,
        "quantity_threshold": 100,
        "quantity_temperature": 0.05,
        "prototype_momentum": 0.9
    },
    "alpha_analysis": {
        "mean": 0.6642045083394603,
        "std": 0.04750878758822233,
        "min": 0.5906515753049535,
        "max": 0.7353498723906504,
        "median": 0.6547878423263561
    },
    "global_prototype_norm": 0.44690244348857894,
    "timestamp": "2026-01-11T22:58:05.259571",
    "final_metrics": {
        "eval_loss": 6.528276218803551,
        "rmse": 2.553139257231511,
        "mae": 2.3130953460506443,
        "client_alpha": 0.7302063273483682,
        "hit_rate@5": 0.3950477153946825,
        "accuracy@5": 0.3950477153946825,
        "precision@5": 0.10117530057885185,
        "recall@5": 0.025698565813417187,
        "f1@5": 0.03501603456452358,
        "ndcg@5": 0.1055107186731714,
        "map@5": 0.05664989553115083,
        "coverage@5": 0.004702143383479082,
        "novelty@5": 8.413580716282913,
        "hit_rate@10": 0.5803666651116669,
        "accuracy@10": 0.5803666651116669,
        "precision@10": 0.09498843614264924,
        "recall@10": 0.045365442173132306,
        "f1@10": 0.05049212870497929,
        "ndcg@10": 0.10394339874323234,
        "map@10": 0.04180708283962664,
        "coverage@10": 0.007768002032827917,
        "novelty@10": 8.525020274738122,
        "hit_rate@20": 0.7506277768713733,
        "accuracy@20": 0.7506277768713733,
        "precision@20": 0.08875171010810923,
        "recall@20": 0.08207563151617156,
        "f1@20": 0.06853374085790816,
        "ndcg@20": 0.10972030066694158,
        "map@20": 0.034952435387991324,
        "coverage@20": 0.015674530677469375,
        "novelty@20": 8.643299128980416,
        "mrr": 0.2501164510004072,
        "sampled_hr@5": 0.4254612434151883,
        "sampled_ndcg@5": 0.29481021926684126,
        "sampled_hr@10": 0.597340591072693,
        "sampled_ndcg@10": 0.35037870529244974,
        "sampled_hr@20": 0.7418361937438185,
        "sampled_ndcg@20": 0.3869041188205355,
        "sampled_mrr": 0.2918018993908747,
        "sampled_num_negatives": 99.0,
        "sampled_num_users": 5003.854471288673
    },
    "training_rounds": 50
}