{
    "model_name": "BPR_MF_Personalized_Split_FEDAVG_Adaptive",
    "dataset": "ml-1m",
    "architecture": "split_learning_adaptive",
    "federated_config": {
        "num_rounds": 50,
        "num_clients": 10,
        "fraction_train": 1.0,
        "strategy": "fedavg",
        "proximal_mu": 0.01,
        "model_type": "bpr",
        "embedding_dim": 128,
        "dropout": 0.1,
        "learning_rate": 0.005,
        "split_learning": true,
        "global_params": [
            "item_embeddings",
            "item_bias",
            "global_bias"
        ],
        "local_params": [
            "user_embeddings",
            "user_bias"
        ],
        "mlp_hidden_dims": null,
        "fusion_type": null
    },
    "adaptive_config": {
        "alpha_min": 0.1,
        "alpha_max": 0.95,
        "quantity_threshold": 100,
        "quantity_temperature": 0.05,
        "prototype_momentum": 0.9
    },
    "alpha_analysis": {
        "mean": 0.6642045083394603,
        "std": 0.04750878758822233,
        "min": 0.5906515753049535,
        "max": 0.7353498723906504,
        "median": 0.6547878423263561
    },
    "global_prototype_norm": 0.4556055282070923,
    "timestamp": "2026-01-13T19:11:16.990032",
    "final_metrics": {
        "eval_loss": 6.542361112428329,
        "rmse": 2.556111816450863,
        "mae": 2.316136727869133,
        "client_alpha": 0.7302063273483682,
        "hit_rate@5": 0.39006379501830324,
        "accuracy@5": 0.39006379501830324,
        "precision@5": 0.09867685920734838,
        "recall@5": 0.024121263421462015,
        "f1@5": 0.03349901738383606,
        "ndcg@5": 0.10484812639354232,
        "map@5": 0.0567185969712285,
        "coverage@5": 0.004829478391773399,
        "novelty@5": 8.465614957448969,
        "hit_rate@10": 0.5800529593215762,
        "accuracy@10": 0.5800529593215762,
        "precision@10": 0.09304790465509795,
        "recall@10": 0.04436097856815512,
        "f1@10": 0.04959757116222005,
        "ndcg@10": 0.10273633060599087,
        "map@10": 0.041250950251058925,
        "coverage@10": 0.008144557608727183,
        "novelty@10": 8.557630559729715,
        "hit_rate@20": 0.7500180851939354,
        "accuracy@20": 0.7500180851939354,
        "precision@20": 0.08657311005844498,
        "recall@20": 0.08018022465170348,
        "f1@20": 0.06693037350379716,
        "ndcg@20": 0.1079466103741396,
        "map@20": 0.03418656224953754,
        "coverage@20": 0.014770638398011564,
        "novelty@20": 8.684689753474897,
        "mrr": 0.2534726922430534,
        "sampled_hr@5": 0.4393349338458263,
        "sampled_ndcg@5": 0.3130552600468945,
        "sampled_hr@10": 0.5767357165329792,
        "sampled_ndcg@10": 0.3575193240279308,
        "sampled_hr@20": 0.7331642416805575,
        "sampled_ndcg@20": 0.39682069548317744,
        "sampled_mrr": 0.3076079883215358,
        "sampled_num_negatives": 99.0,
        "sampled_num_users": 5003.854471288673
    },
    "training_rounds": 50
}