{
    "model_name": "BPR_MF_Personalized_Split_FEDAVG",
    "dataset": "ml-1m",
    "architecture": "split_learning",
    "federated_config": {
        "num_rounds": 10,
        "num_clients": 10,
        "fraction_train": 1.0,
        "strategy": "fedavg",
        "proximal_mu": 0.01,
        "model_type": "bpr",
        "embedding_dim": 128,
        "dropout": 0.1,
        "learning_rate": 0.005,
        "split_learning": true,
        "global_params": [
            "item_embeddings",
            "item_bias",
            "global_bias"
        ],
        "local_params": [
            "user_embeddings",
            "user_bias"
        ]
    },
    "timestamp": "2025-12-29T15:26:27.567116",
    "final_metrics": {
        "eval_loss": 7.611369770799837,
        "rmse": 2.757368184256673,
        "mae": 2.524878147139527,
        "hit_rate@5": 0.3826981479956835,
        "accuracy@5": 0.3826981479956835,
        "precision@5": 0.09599431850304507,
        "recall@5": 0.023684664915222017,
        "f1@5": 0.032642605243797265,
        "ndcg@5": 0.09927236681421878,
        "map@5": 0.052550685459560285,
        "coverage@5": 0.004810049217723641,
        "novelty@5": 8.517124794983275,
        "hit_rate@10": 0.5683635216764913,
        "accuracy@10": 0.5683635216764913,
        "precision@10": 0.09124516407378945,
        "recall@10": 0.04397995285873661,
        "f1@10": 0.04878618617584836,
        "ndcg@10": 0.09870488959856581,
        "map@10": 0.038998161454878874,
        "coverage@10": 0.007647712190880579,
        "novelty@10": 8.558967009259518,
        "hit_rate@20": 0.7442669708842654,
        "accuracy@20": 0.7442669708842654,
        "precision@20": 0.08605967485214151,
        "recall@20": 0.08075432175536562,
        "f1@20": 0.06694494767753555,
        "ndcg@20": 0.10557323757791126,
        "map@20": 0.03296855489112652,
        "coverage@20": 0.012902726453477908,
        "novelty@20": 8.658529956143951,
        "mrr": 0.23885948097744306
    },
    "training_rounds": 10
}