{
    "model_name": "BPR_MF_Personalized_Split_FEDAVG_Adaptive",
    "dataset": "ml-1m",
    "architecture": "split_learning_adaptive",
    "federated_config": {
        "num_rounds": 10,
        "num_clients": 10,
        "fraction_train": 1.0,
        "strategy": "fedavg",
        "proximal_mu": 0.01,
        "model_type": "bpr",
        "embedding_dim": 128,
        "dropout": 0.1,
        "learning_rate": 0.005,
        "split_learning": true,
        "global_params": [
            "item_embeddings",
            "item_bias",
            "global_bias"
        ],
        "local_params": [
            "user_embeddings",
            "user_bias"
        ]
    },
    "adaptive_config": {
        "alpha_min": 0.1,
        "alpha_max": 0.95,
        "quantity_threshold": 100,
        "quantity_temperature": 0.05,
        "prototype_momentum": 0.9
    },
    "alpha_analysis": {
        "mean": 0.6642045083394602,
        "std": 0.04750878758822232,
        "min": 0.5906515753049535,
        "max": 0.7353498723906504,
        "median": 0.6547878423263561
    },
    "global_prototype_norm": 0.2199591100215912,
    "timestamp": "2026-01-11T12:58:30.882301",
    "final_metrics": {
        "eval_loss": 7.801222763026817,
        "rmse": 2.792384174201952,
        "mae": 2.559777945166106,
        "client_alpha": 0.7302063273483682,
        "hit_rate@5": 0.38938386936039227,
        "accuracy@5": 0.38938386936039227,
        "precision@5": 0.09983242925024303,
        "recall@5": 0.02472131356606966,
        "f1@5": 0.034028278654086315,
        "ndcg@5": 0.10243105606293945,
        "map@5": 0.05458639843549154,
        "coverage@5": 0.0032139042615281855,
        "novelty@5": 8.462955394607452,
        "hit_rate@10": 0.5682746375227617,
        "accuracy@10": 0.5682746375227617,
        "precision@10": 0.09459053591527135,
        "recall@10": 0.044744084319904065,
        "f1@10": 0.04997599035218122,
        "ndcg@10": 0.10150867605107819,
        "map@10": 0.04053536778712633,
        "coverage@10": 0.005436153137490982,
        "novelty@10": 8.517175070369047,
        "hit_rate@20": 0.7441878222116176,
        "accuracy@20": 0.7441878222116176,
        "precision@20": 0.08729931452637445,
        "recall@20": 0.08000319671092876,
        "f1@20": 0.0671081366500308,
        "ndcg@20": 0.10637001133501695,
        "map@20": 0.03329147307941147,
        "coverage@20": 0.008744318028828335,
        "novelty@20": 8.639815202946936,
        "mrr": 0.2407504495452601
    },
    "training_rounds": 10
}