{
    "model_name": "DUAL_MF_Personalized_Split_FEDPROX_Adaptive",
    "dataset": "ml-1m",
    "architecture": "dual_level_personalization",
    "federated_config": {
        "num_rounds": 50,
        "num_clients": 10,
        "fraction_train": 1.0,
        "strategy": "fedprox",
        "proximal_mu": 0.01,
        "model_type": "dual",
        "embedding_dim": 128,
        "dropout": 0.1,
        "learning_rate": 0.005,
        "split_learning": true,
        "global_params": [
            "item_embeddings",
            "item_bias",
            "global_bias"
        ],
        "local_params": [
            "user_embeddings",
            "user_bias",
            "personal_mlp",
            "fusion_gate"
        ],
        "mlp_hidden_dims": [
            256,
            128,
            64
        ],
        "fusion_type": "gate"
    },
    "adaptive_config": {
        "alpha_min": 0.1,
        "alpha_max": 0.95,
        "quantity_threshold": 100,
        "quantity_temperature": 0.05,
        "prototype_momentum": 0.9
    },
    "alpha_analysis": {
        "mean": 0.6642045083394603,
        "std": 0.04750878758822233,
        "min": 0.5906515753049535,
        "max": 0.7353498723906504,
        "median": 0.6547878423263561
    },
    "global_prototype_norm": 0.3512911133238741,
    "timestamp": "2026-01-12T13:48:45.129793",
    "final_metrics": {
        "eval_loss": 6.730729247274393,
        "rmse": 2.5939134549207186,
        "mae": 2.3539526539940887,
        "client_alpha": 0.7302063273483682,
        "hit_rate@5": 0.40529229303405406,
        "accuracy@5": 0.40529229303405406,
        "precision@5": 0.10362631348484036,
        "recall@5": 0.02671801595448142,
        "f1@5": 0.03627963296628325,
        "ndcg@5": 0.10529430236343951,
        "map@5": 0.05551388345367015,
        "coverage@5": 0.08212883852205992,
        "novelty@5": 8.828513696482789,
        "hit_rate@10": 0.6113487040097387,
        "accuracy@10": 0.6113487040097387,
        "precision@10": 0.10187090345150099,
        "recall@10": 0.050071577927551805,
        "f1@10": 0.05539720033413238,
        "ndcg@10": 0.107794925135282,
        "map@10": 0.04244304570023123,
        "coverage@10": 0.12886905246294875,
        "novelty@10": 8.93611337359351,
        "hit_rate@20": 0.7904843206530497,
        "accuracy@20": 0.7904843206530497,
        "precision@20": 0.09578472512162271,
        "recall@20": 0.09033152308965885,
        "f1@20": 0.07544690672403306,
        "ndcg@20": 0.11556974154600554,
        "map@20": 0.03612072733277055,
        "coverage@20": 0.18825805932566378,
        "novelty@20": 9.08367438749538,
        "mrr": 0.249435721989865,
        "sampled_hr@5": 0.5075017615751602,
        "sampled_ndcg@5": 0.35961123877915324,
        "sampled_hr@10": 0.6743506008493825,
        "sampled_ndcg@10": 0.41373593527424435,
        "sampled_hr@20": 0.834370493617309,
        "sampled_ndcg@20": 0.4544690116851452,
        "sampled_mrr": 0.3497045098443077,
        "sampled_num_negatives": 99.0,
        "sampled_num_users": 5003.854471288673
    },
    "training_rounds": 50
}