{
    "model_name": "DUAL_MF_Personalized_Split_FEDPROX_Adaptive",
    "dataset": "ml-1m",
    "architecture": "dual_level_personalization",
    "federated_config": {
        "num_rounds": 50,
        "num_clients": 10,
        "fraction_train": 1.0,
        "strategy": "fedprox",
        "proximal_mu": 0.01,
        "model_type": "dual",
        "embedding_dim": 128,
        "dropout": 0.1,
        "learning_rate": 0.005,
        "split_learning": true,
        "global_params": [
            "item_embeddings",
            "item_bias",
            "global_bias"
        ],
        "local_params": [
            "user_embeddings",
            "user_bias",
            "personal_mlp",
            "fusion_layer"
        ],
        "mlp_hidden_dims": [
            256,
            128,
            64
        ],
        "fusion_type": "concat"
    },
    "adaptive_config": {
        "alpha_min": 0.1,
        "alpha_max": 0.95,
        "quantity_threshold": 100,
        "quantity_temperature": 0.05,
        "prototype_momentum": 0.9
    },
    "alpha_analysis": {
        "mean": 0.6642045083394603,
        "std": 0.04750878758822233,
        "min": 0.5906515753049535,
        "max": 0.7353498723906504,
        "median": 0.6547878423263561
    },
    "global_prototype_norm": 0.055277670145020205,
    "timestamp": "2026-01-12T15:42:44.770945",
    "final_metrics": {
        "eval_loss": 3.363731222649992,
        "rmse": 1.8220226263494792,
        "mae": 1.5004022764866296,
        "client_alpha": 0.7302063273483682,
        "hit_rate@5": 0.41028268289223835,
        "accuracy@5": 0.41028268289223835,
        "precision@5": 0.10573046571918182,
        "recall@5": 0.026743240057695697,
        "f1@5": 0.036714122660796364,
        "ndcg@5": 0.10677760195502453,
        "map@5": 0.05675320328916907,
        "coverage@5": 0.07903226737174336,
        "novelty@5": 8.890251916060238,
        "hit_rate@10": 0.6109698063800193,
        "accuracy@10": 0.6109698063800193,
        "precision@10": 0.10084250142638114,
        "recall@10": 0.049790665329741295,
        "f1@10": 0.05527629691123552,
        "ndcg@10": 0.10707680092530923,
        "map@10": 0.042452832524278776,
        "coverage@10": 0.1080929432336106,
        "novelty@10": 8.95781192806795,
        "hit_rate@20": 0.7848761952219301,
        "accuracy@20": 0.7848761952219301,
        "precision@20": 0.09503596699277943,
        "recall@20": 0.08998562674990124,
        "f1@20": 0.0751866468647615,
        "ndcg@20": 0.11478546193570037,
        "map@20": 0.03588667789357549,
        "coverage@20": 0.1560833767744792,
        "novelty@20": 9.071175060868384,
        "mrr": 0.2481126573425162,
        "sampled_hr@5": 0.5140779239032217,
        "sampled_ndcg@5": 0.3692694785613714,
        "sampled_hr@10": 0.6764162194937847,
        "sampled_ndcg@10": 0.42173445284332917,
        "sampled_hr@20": 0.8367390172056913,
        "sampled_ndcg@20": 0.4623758041559749,
        "sampled_mrr": 0.359462100468642,
        "sampled_num_negatives": 99.0,
        "sampled_num_users": 5003.854471288673
    },
    "training_rounds": 50
}