{
    "model_name": "DUAL_MF_Personalized_Split_FEDPROX_Adaptive",
    "dataset": "ml-1m",
    "architecture": "dual_level_personalization",
    "federated_config": {
        "num_rounds": 100,
        "num_clients": 10,
        "fraction_train": 1.0,
        "strategy": "fedprox",
        "proximal_mu": 0.01,
        "model_type": "dual",
        "embedding_dim": 128,
        "dropout": 0.1,
        "learning_rate": 0.005,
        "split_learning": true,
        "global_params": [
            "item_embeddings",
            "item_bias",
            "global_bias"
        ],
        "local_params": [
            "user_embeddings",
            "user_bias",
            "personal_mlp",
            "fusion_layer"
        ],
        "mlp_hidden_dims": [
            512,
            256,
            128
        ],
        "fusion_type": "concat"
    },
    "adaptive_config": {
        "alpha_min": 0.1,
        "alpha_max": 0.95,
        "quantity_threshold": 100,
        "quantity_temperature": 0.05,
        "prototype_momentum": 0.9
    },
    "alpha_analysis": {
        "mean": 0.6642045083394603,
        "std": 0.04750878758822233,
        "min": 0.5906515753049535,
        "max": 0.7353498723906504,
        "median": 0.6547878423263561
    },
    "global_prototype_norm": 0.06520058825461933,
    "timestamp": "2026-01-12T20:35:55.672821",
    "final_metrics": {
        "eval_loss": 3.4386769808220583,
        "rmse": 1.8533452805153026,
        "mae": 1.5320047557568206,
        "client_alpha": 0.7302063273483682,
        "hit_rate@5": 0.4210624285692139,
        "accuracy@5": 0.4210624285692139,
        "precision@5": 0.10922989554961787,
        "recall@5": 0.02815999047700303,
        "f1@5": 0.03876827951744472,
        "ndcg@5": 0.11230759912444793,
        "map@5": 0.06017764443826633,
        "coverage@5": 0.0904498409258631,
        "novelty@5": 8.866437178042924,
        "hit_rate@10": 0.6027843619945947,
        "accuracy@10": 0.6027843619945947,
        "precision@10": 0.1007445401436952,
        "recall@10": 0.04903971641814461,
        "f1@10": 0.05535805690574353,
        "ndcg@10": 0.10930448224805982,
        "map@10": 0.04408180179902924,
        "coverage@10": 0.12779318285748273,
        "novelty@10": 8.98608306129237,
        "hit_rate@20": 0.7745190163688701,
        "accuracy@20": 0.7745190163688701,
        "precision@20": 0.093546299381729,
        "recall@20": 0.08860877317130415,
        "f1@20": 0.07435508000364464,
        "ndcg@20": 0.115681169572845,
        "map@20": 0.03703553404257837,
        "coverage@20": 0.1758136544625636,
        "novelty@20": 9.127614428218957,
        "mrr": 0.2602042598185673,
        "sampled_hr@5": 0.5203320564341628,
        "sampled_ndcg@5": 0.3741722270727863,
        "sampled_hr@10": 0.6832363806893056,
        "sampled_ndcg@10": 0.42699756814392176,
        "sampled_hr@20": 0.8389259128610486,
        "sampled_ndcg@20": 0.4665248636986899,
        "sampled_mrr": 0.36379788927056095,
        "sampled_num_negatives": 99.0,
        "sampled_num_users": 5003.854471288673
    },
    "training_rounds": 100
}