{"recall@20":0.0625367850585683,"accuracy@20":0.6469418199900547,"hit_rate@20":0.6469418199900547,"ndcg@5":0.07378957894068756,"precision@20":0.0675451682413393,"accuracy@10":0.480689540858611,"_wandb":{"runtime":863},"coverage@20":0.0062061521856449,"map@5":0.03818479842348564,"f1@20":0.051842701974130725,"_timestamp":1.7664863666085114e+09,"coverage@10":0.0032379924446842958,"accuracy@5":0.2968672302337146,"novelty@5":8.831892003875115,"map@10":0.02943017759528439,"hit_rate@5":0.2968672302337146,"precision@5":0.0734626222443229,"mrr":0.18514833527305566,"f1@5":0.02336448789770938,"rmse":0.9667806137381507,"mae":0.7781874419195455,"f1@10":0.0380913330775484,"_runtime":863,"map@20":0.024092470882016256,"novelty@20":9.043230758647658,"ndcg@10":0.07738344632212671,"_step":0,"recall@5":0.0168385549140047,"eval_loss":0.9346647551213685,"precision@10":0.07429139731476878,"ndcg@20":0.08140792021889923,"novelty@10":8.850111838687209,"coverage@5":0.0016189962223421479,"recall@10":0.033788269222658776,"hit_rate@10":0.480689540858611}