{"eval/hit_rate@20":0.6760102729448912,"eval/mae":0.7813145014558259,"eval/novelty@5":8.792927340210136,"precision@10":0.07071108901044257,"eval/recall@5":0.018369792256049164,"coverage@20":0.006745817593092283,"novelty@5":8.756078734631672,"novelty@10":8.927490576803457,"map@5":0.040216448422564784,"ndcg@5":0.07776737553130353,"f1@20":0.05396312123084934,"_timestamp":1.7665064049053833e+09,"accuracy@5":0.31327697662854304,"recall@10":0.0324187775992816,"eval/map@10":0.029351726593463134,"mae":0.7761795433801797,"eval/precision@20":0.07090394952513128,"eval/coverage@10":0.004003695330706272,"eval/accuracy@5":0.32455419519926254,"eval/accuracy@10":0.4740314548289399,"_runtime":859,"eval/ndcg@20":0.08376090896316979,"eval/coverage@20":0.006679714697821349,"hit_rate@20":0.664180341455329,"recall@5":0.01836600918981319,"recall@20":0.06523961148087384,"coverage@10":0.0040474905558553695,"eval/recall@20":0.06579486361925656,"eval/eval_loss":0.9461150271457838,"accuracy@10":0.46892093485827946,"train/train_loss":0.9920064039129668,"eval/precision@5":0.08092587347956373,"eval/ndcg@10":0.07665800206276524,"map@10":0.028907602051570152,"eval/hit_rate@10":0.4740314548289399,"eval/precision@10":0.07171028963812844,"eval/accuracy@20":0.6760102729448912,"ndcg@10":0.07551667807910327,"eval/novelty@10":8.955163300469843,"coverage@5":0.0016189962223421479,"rmse":0.9664068059821389,"precision@20":0.07003149345267695,"eval/mrr":0.1906787569681157,"eval/ndcg@5":0.08014423985405618,"eval/rmse":0.972017717273537,"hit_rate@10":0.46892093485827946,"novelty@20":8.979788113253612,"f1@10":0.036435088576937745,"_step":10,"eval/recall@10":0.03274374287492237,"eval_loss":0.9339421146867385,"mrr":0.1883074888995114,"round":10,"_wandb":{"runtime":859},"eval/f1@10":0.03673936643277198,"eval/map@20":0.024129882682073035,"eval/map@5":0.04146472379976519,"eval/novelty@20":9.0116448368363,"ndcg@20":0.08317911239467093,"eval/f1@5":0.025648558900365822,"eval/coverage@5":0.0016189962223421477,"map@20":0.024240704182406817,"precision@5":0.07777225261064148,"accuracy@20":0.664180341455329,"eval/hit_rate@5":0.32455419519926254,"eval/f1@20":0.054356658686089944,"hit_rate@5":0.31327697662854304,"f1@5":0.02529236421034311}