{"final/eval_loss":7.800449563707477,"final/ndcg@20":0.10799815905572605,"_runtime":1128.655982453,"final/recall@5":0.02424653373054222,"eval/map@5":0.057029904611967296,"final/accuracy@20":0.7478261021996611,"eval/eval_loss":7.800449563707477,"eval/f1@10":0.048425816834094144,"final/map@20":0.034230029203146904,"final/f1@20":0.06734111695913424,"eval/recall@20":0.08061243120090929,"eval/ndcg@10":0.10134501304655276,"final/map@5":0.057029904611967296,"alpha/max":0.7353498723906504,"final/mrr":0.2500204304026765,"eval/mrr":0.2500204304026765,"final/accuracy@10":0.5659518158767607,"final/recall@20":0.08061243120090929,"eval/ndcg@5":0.1051706404120113,"final/hit_rate@20":0.7478261021996611,"final/novelty@10":8.557326678032453,"eval/novelty@10":8.557326678032453,"eval/ndcg@20":0.10799815905572605,"alpha/std":0.04750878758822232,"final/coverage@5":0.003775894874453045,"train/global_prototype_norm":0.23053095994658757,"alpha/min":0.5906515753049535,"eval/accuracy@20":0.7478261021996611,"final/accuracy@5":0.38959571287504385,"eval/mae":2.5597070682232523,"_step":11,"final/mae":2.5597070682232523,"final/precision@5":0.10004432349199832,"eval/client_alpha":0.7302063273483682,"final/precision@10":0.09151381828544246,"eval/f1@20":0.06734111695913424,"final/ndcg@5":0.1051706404120113,"eval/novelty@5":8.476330219196244,"eval/recall@5":0.02424653373054222,"eval/recall@10":0.04348284041922623,"final/f1@10":0.048425816834094144,"eval/f1@5":0.033600171861606395,"final/rmse":2.792219811658234,"eval/coverage@5":0.003775894874453045,"eval/precision@5":0.10004432349199832,"_wandb":{"runtime":1128},"final/recall@10":0.04348284041922623,"eval/accuracy@5":0.38959571287504385,"alpha/mean":0.6642045083394602,"round":11,"eval/coverage@20":0.00936631462875525,"eval/coverage@10":0.007001282096178787,"final/hit_rate@10":0.5659518158767607,"eval/map@10":0.04092807907846304,"eval/novelty@20":8.643896660070343,"final/novelty@5":8.476330219196244,"train/train_loss":0.5888461233914416,"eval/accuracy@10":0.5659518158767607,"final/precision@20":0.0871281960623429,"_timestamp":1.7681248941557028e+09,"eval/precision@10":0.09151381828544246,"final/novelty@20":8.643896660070343,"train/client_alpha":0.7302067190220533,"eval/map@20":0.034230029203146904,"final/ndcg@10":0.10134501304655276,"final/map@10":0.04092807907846304,"final/hit_rate@5":0.38959571287504385,"final/client_alpha":0.7302063273483682,"prototype/final_norm":0.23053095994658757,"final/coverage@20":0.00936631462875525,"eval/hit_rate@10":0.5659518158767607,"eval/hit_rate@5":0.38959571287504385,"final/f1@5":0.033600171861606395,"final/coverage@10":0.007001282096178787,"eval/precision@20":0.0871281960623429,"eval/hit_rate@20":0.7478261021996611,"eval/rmse":2.792219811658234}