{"final/f1@5":0.032351092511174837,"final/hit_rate@5":0.3798665511314832,"eval/rmse":2.7545140625365923,"eval/coverage@10":0.007012663890863032,"train/train_loss":0.5725874911453317,"final/coverage@5":0.004963488975072734,"eval/accuracy@5":0.3798665511314832,"final/map@20":0.033907443507344696,"eval/eval_loss":7.595867392198535,"final/mrr":0.2425455750679385,"_step":11,"eval/map@5":0.05405533349031021,"final/hit_rate@20":0.7492381336228819,"final/ndcg@5":0.10076007109314526,"eval/novelty@20":8.637342121489784,"final/recall@10":0.04421782146071683,"eval/hit_rate@10":0.57080977931756,"_wandb":{"runtime":1097},"final/mae":2.5218926919054687,"final/novelty@5":8.510652656746691,"round":11,"final/novelty@10":8.567619889127469,"eval/f1@5":0.032351092511174837,"final/rmse":2.7545140625365923,"eval/accuracy@20":0.7492381336228819,"eval/coverage@20":0.011502505374728134,"eval/ndcg@10":0.10058399792197346,"final/eval_loss":7.595867392198535,"eval/recall@5":0.02356458351562415,"eval/hit_rate@20":0.7492381336228819,"eval/precision@20":0.08783321010361772,"eval/ndcg@20":0.10753686357523104,"final/ndcg@10":0.10058399792197346,"eval/f1@10":0.04929136937545534,"eval/precision@10":0.0929077484615295,"eval/hit_rate@5":0.3798665511314832,"eval/mrr":0.2425455750679385,"eval/mae":2.5218926919054687,"final/f1@20":0.06791899602903084,"_timestamp":1.7669938967961602e+09,"eval/accuracy@10":0.57080977931756,"eval/f1@20":0.06791899602903084,"final/accuracy@20":0.7492381336228819,"eval/novelty@5":8.510652656746691,"final/map@5":0.05405533349031021,"final/f1@10":0.04929136937545534,"eval/coverage@5":0.004963488975072734,"eval/precision@5":0.09678790701207443,"final/coverage@10":0.007012663890863032,"final/map@10":0.04023144170375854,"final/ndcg@20":0.10753686357523104,"final/precision@5":0.09678790701207443,"final/coverage@20":0.011502505374728134,"final/accuracy@5":0.3798665511314832,"eval/map@20":0.033907443507344696,"eval/novelty@10":8.567619889127469,"final/recall@5":0.02356458351562415,"_runtime":1097.814410169,"final/hit_rate@10":0.57080977931756,"eval/map@10":0.04023144170375854,"final/accuracy@10":0.57080977931756,"final/precision@10":0.0929077484615295,"final/precision@20":0.08783321010361772,"eval/recall@10":0.04421782146071683,"eval/ndcg@5":0.10076007109314526,"final/recall@20":0.08141758841547668,"final/novelty@20":8.637342121489784,"eval/recall@20":0.08141758841547668}