{"eval/accuracy@20":0.7500180851939354,"eval/rmse":2.556111816450863,"final/f1@5":0.03349901738383606,"final/mae":2.316136727869133,"eval/ndcg@10":0.10273633060599087,"eval/recall@20":0.08018022465170348,"final/client_alpha":0.7302063273483682,"final/map@20":0.03418656224953754,"eval/ndcg@5":0.10484812639354232,"eval/mrr":0.2534726922430534,"eval/sampled_hr@10":0.5767357165329792,"eval/mae":2.316136727869133,"alpha/mean":0.6642045083394603,"final/hit_rate@20":0.7500180851939354,"eval/map@10":0.041250950251058925,"eval/f1@20":0.06693037350379716,"eval/recall@10":0.04436097856815512,"final/novelty@10":8.557630559729715,"alpha/min":0.5906515753049535,"eval/sampled_num_negatives":99,"eval/coverage@5":0.004829478391773399,"eval/precision@20":0.08657311005844498,"final/eval_loss":6.542361112428329,"final/precision@10":0.09304790465509795,"final/rmse":2.556111816450863,"final/coverage@20":0.014770638398011564,"eval/accuracy@10":0.5800529593215762,"final/ndcg@10":0.10273633060599087,"eval/accuracy@5":0.39006379501830324,"alpha/max":0.7353498723906504,"eval/coverage@10":0.008144557608727183,"eval/map@20":0.03418656224953754,"final/accuracy@10":0.5800529593215762,"final/precision@5":0.09867685920734838,"final/sampled_num_negatives":99,"final/accuracy@20":0.7500180851939354,"final/map@5":0.0567185969712285,"final/mrr":0.2534726922430534,"final/sampled_hr@5":0.4393349338458263,"eval/hit_rate@10":0.5800529593215762,"final/recall@20":0.08018022465170348,"eval/map@5":0.0567185969712285,"final/recall@10":0.04436097856815512,"eval/novelty@5":8.465614957448969,"final/sampled_ndcg@20":0.39682069548317744,"eval/coverage@20":0.014770638398011564,"_step":51,"final/hit_rate@5":0.39006379501830324,"eval/sampled_hr@20":0.7331642416805575,"final/accuracy@5":0.39006379501830324,"eval/hit_rate@20":0.7500180851939354,"train/train_loss":0.4565110644832432,"final/f1@10":0.04959757116222005,"eval/sampled_ndcg@10":0.3575193240279308,"_runtime":6160.00824773,"eval/sampled_num_users":5003.854471288673,"eval/hit_rate@5":0.39006379501830324,"_timestamp":1.7683062769799666e+09,"final/sampled_mrr":0.3076079883215358,"final/novelty@5":8.465614957448969,"final/coverage@5":0.004829478391773399,"eval/sampled_hr@5":0.4393349338458263,"eval/precision@10":0.09304790465509795,"eval/sampled_ndcg@20":0.39682069548317744,"eval/sampled_mrr":0.3076079883215358,"eval/novelty@20":8.684689753474897,"train/client_alpha":0.7302067190220533,"eval/f1@5":0.03349901738383606,"final/coverage@10":0.008144557608727183,"alpha/std":0.04750878758822233,"eval/recall@5":0.024121263421462015,"prototype/final_norm":0.4556055282070923,"final/sampled_ndcg@5":0.3130552600468945,"final/map@10":0.041250950251058925,"final/sampled_hr@20":0.7331642416805575,"final/sampled_hr@10":0.5767357165329792,"final/recall@5":0.024121263421462015,"eval/precision@5":0.09867685920734838,"eval/eval_loss":6.542361112428329,"round":51,"final/novelty@20":8.684689753474897,"final/precision@20":0.08657311005844498,"final/ndcg@20":0.1079466103741396,"eval/novelty@10":8.557630559729715,"final/hit_rate@10":0.5800529593215762,"train/global_prototype_norm":0.4556055282070923,"eval/client_alpha":0.7302063273483682,"final/ndcg@5":0.10484812639354232,"eval/sampled_ndcg@5":0.3130552600468945,"final/sampled_num_users":5003.854471288673,"eval/ndcg@20":0.1079466103741396,"final/f1@20":0.06693037350379716,"_wandb":{"runtime":6160},"eval/f1@10":0.04959757116222005,"final/sampled_ndcg@10":0.3575193240279308}