{"eval/ndcg@10":0.107794925135282,"eval/hit_rate@20":0.7904843206530497,"eval/coverage@5":0.08212883852205992,"eval/ndcg@20":0.11556974154600554,"eval/recall@5":0.02671801595448142,"final/recall@10":0.050071577927551805,"eval/f1@5":0.03627963296628325,"eval/map@10":0.04244304570023123,"eval/novelty@10":8.93611337359351,"eval/f1@20":0.07544690672403306,"final/ndcg@5":0.10529430236343951,"final/ndcg@20":0.11556974154600554,"eval/accuracy@10":0.6113487040097387,"final/mae":2.3539526539940887,"final/precision@5":0.10362631348484036,"eval/recall@10":0.050071577927551805,"eval/sampled_ndcg@20":0.4544690116851452,"alpha/mean":0.6642045083394603,"final/sampled_ndcg@5":0.35961123877915324,"final/map@20":0.03612072733277055,"eval/sampled_hr@5":0.5075017615751602,"eval/novelty@5":8.828513696482789,"eval/mae":2.3539526539940887,"alpha/max":0.7353498723906504,"eval/sampled_ndcg@10":0.41373593527424435,"final/precision@20":0.09578472512162271,"eval/novelty@20":9.08367438749538,"final/precision@10":0.10187090345150099,"final/hit_rate@5":0.40529229303405406,"final/accuracy@5":0.40529229303405406,"train/global_prototype_norm":0.3512911133238741,"final/sampled_hr@5":0.5075017615751602,"eval/accuracy@5":0.40529229303405406,"final/f1@5":0.03627963296628325,"_wandb":{"runtime":6903},"eval/accuracy@20":0.7904843206530497,"eval/sampled_num_negatives":99,"final/sampled_ndcg@10":0.41373593527424435,"eval/hit_rate@5":0.40529229303405406,"final/accuracy@10":0.6113487040097387,"_runtime":6903.644180715,"final/map@10":0.04244304570023123,"final/sampled_hr@20":0.834370493617309,"final/sampled_num_users":5003.854471288673,"eval/precision@20":0.09578472512162271,"final/hit_rate@10":0.6113487040097387,"eval/sampled_num_users":5003.854471288673,"final/map@5":0.05551388345367015,"eval/client_alpha":0.7302063273483682,"alpha/std":0.04750878758822233,"final/coverage@10":0.12886905246294875,"train/client_alpha":0.7302067190220533,"final/coverage@5":0.08212883852205992,"final/f1@20":0.07544690672403306,"final/recall@20":0.09033152308965885,"eval/mrr":0.249435721989865,"_timestamp":1.7682005251124084e+09,"final/sampled_ndcg@20":0.4544690116851452,"final/novelty@10":8.93611337359351,"eval/map@20":0.03612072733277055,"final/eval_loss":6.730729247274393,"final/mrr":0.249435721989865,"prototype/final_norm":0.3512911133238741,"final/sampled_num_negatives":99,"final/accuracy@20":0.7904843206530497,"eval/hit_rate@10":0.6113487040097387,"eval/ndcg@5":0.10529430236343951,"final/recall@5":0.02671801595448142,"eval/precision@5":0.10362631348484036,"_step":51,"final/rmse":2.5939134549207186,"final/novelty@20":9.08367438749538,"final/hit_rate@20":0.7904843206530497,"final/sampled_hr@10":0.6743506008493825,"eval/precision@10":0.10187090345150099,"final/coverage@20":0.18825805932566378,"eval/sampled_mrr":0.3497045098443077,"eval/recall@20":0.09033152308965885,"final/sampled_mrr":0.3497045098443077,"eval/eval_loss":6.730729247274393,"eval/coverage@10":0.12886905246294875,"final/client_alpha":0.7302063273483682,"train/train_loss":0.46240973669146684,"final/f1@10":0.05539720033413238,"eval/sampled_hr@10":0.6743506008493825,"final/novelty@5":8.828513696482789,"eval/f1@10":0.05539720033413238,"alpha/min":0.5906515753049535,"round":51,"eval/coverage@20":0.18825805932566378,"eval/sampled_ndcg@5":0.35961123877915324,"final/ndcg@10":0.107794925135282,"eval/map@5":0.05551388345367015,"eval/sampled_hr@20":0.834370493617309,"eval/rmse":2.5939134549207186}