{"final/f1@20":0.06640663383331123,"alpha/min":0.898375200236178,"_wandb":{"runtime":1166},"final/recall@10":0.04375194303161967,"final/accuracy@5":0.393446437888803,"final/novelty@10":8.56288721904203,"eval/eval_loss":7.680198210416777,"final/coverage@5":0.004021760793636599,"final/eval_loss":7.680198210416777,"final/precision@10":0.09177233735289698,"eval/accuracy@10":0.5632922392241204,"eval/novelty@5":8.460290012732747,"final/coverage@20":0.01151648779754123,"prototype/final_norm":0.3140469789505005,"eval/hit_rate@5":0.393446437888803,"final/novelty@5":8.460290012732747,"eval/hit_rate@10":0.5632922392241204,"final/map@20":0.03368432750978751,"eval/coverage@5":0.004021760793636599,"eval/f1@10":0.048717259583590314,"alpha/std":1.1102230246251565e-16,"final/map@5":0.0564800140965186,"eval/recall@10":0.04375194303161967,"train/global_prototype_norm":0.3140469789505005,"final/client_alpha":0.8983748781080715,"eval/hit_rate@20":0.7397256981647581,"_timestamp":1.7679755445884042e+09,"eval/ndcg@20":0.10633678404295593,"final/mrr":0.24480388639320083,"round":11,"eval/coverage@10":0.007094491953523029,"final/rmse":2.769793219031433,"eval/f1@20":0.06640663383331123,"final/recall@5":0.025044730001732792,"final/f1@5":0.034558030024507684,"eval/accuracy@5":0.393446437888803,"train/client_alpha":0.898375200236178,"final/precision@5":0.10164373461305208,"eval/novelty@10":8.56288721904203,"final/f1@10":0.048717259583590314,"eval/rmse":2.769793219031433,"eval/recall@5":0.025044730001732792,"final/hit_rate@5":0.393446437888803,"eval/f1@5":0.034558030024507684,"eval/novelty@20":8.671497293348525,"eval/map@10":0.04058304590596417,"eval/precision@20":0.08597522979714643,"eval/map@20":0.03368432750978751,"final/accuracy@10":0.5632922392241204,"alpha/mean":0.8983752002361779,"final/ndcg@20":0.10633678404295593,"eval/accuracy@20":0.7397256981647581,"eval/ndcg@10":0.10065245983593164,"final/ndcg@5":0.10498798637261038,"final/map@10":0.04058304590596417,"final/coverage@10":0.007094491953523029,"eval/recall@20":0.07920319776820682,"final/recall@20":0.07920319776820682,"final/hit_rate@10":0.5632922392241204,"final/ndcg@10":0.10065245983593164,"eval/ndcg@5":0.10498798637261038,"eval/mrr":0.24480388639320083,"_step":11,"eval/precision@5":0.10164373461305208,"eval/map@5":0.0564800140965186,"eval/mae":2.536849491452356,"train/train_loss":0.5804267086629553,"final/novelty@20":8.671497293348525,"eval/coverage@20":0.01151648779754123,"eval/client_alpha":0.8983748781080715,"final/hit_rate@20":0.7397256981647581,"eval/precision@10":0.09177233735289698,"final/precision@20":0.08597522979714643,"alpha/max":0.898375200236178,"final/mae":2.536849491452356,"_runtime":1166.501512789,"final/accuracy@20":0.7397256981647581}