{"eval/hit_rate@5":0.3872744183443963,"final/f1@10":0.050526968666219904,"final/hit_rate@20":0.7429690808118367,"eval/sampled_hr@5":0.41565280125664883,"final/f1@5":0.03440162993204576,"eval/rmse":2.7932447846307253,"eval/sampled_ndcg@20":0.3783320037853363,"eval/accuracy@10":0.5692080121626865,"eval/novelty@10":8.519312451703483,"eval/sampled_mrr":0.28502960258805465,"eval/map@10":0.04233839422193252,"eval/map@20":0.03491002410021064,"final/sampled_ndcg@10":0.33776751333978927,"final/sampled_hr@5":0.41565280125664883,"final/map@20":0.03491002410021064,"train/train_loss":0.5885437382589471,"eval/recall@5":0.0251820652994386,"eval/precision@5":0.10010598104969376,"final/ndcg@5":0.10554072284694822,"eval/eval_loss":7.8058238534032105,"final/f1@20":0.06749088282322613,"final/sampled_num_users":5003.854471288673,"eval/f1@5":0.03440162993204576,"final/precision@10":0.09497173875859595,"final/map@10":0.04233839422193252,"train/global_prototype_norm":0.2071789076313436,"final/mrr":0.2514408837402649,"final/coverage@5":0.003989010144794044,"eval/precision@10":0.09497173875859595,"final/sampled_hr@20":0.7306527502023312,"eval/sampled_ndcg@5":0.28768018358211506,"final/accuracy@10":0.5692080121626865,"eval/sampled_ndcg@10":0.33776751333978927,"final/novelty@5":8.424057773864993,"eval/f1@20":0.06749088282322613,"eval/sampled_num_users":5003.854471288673,"final/eval_loss":7.8058238534032105,"final/map@5":0.05725802232770817,"final/sampled_ndcg@5":0.28768018358211506,"eval/mrr":0.2514408837402649,"prototype/final_norm":0.2071789076313436,"final/client_alpha":0.7302063273483682,"final/accuracy@20":0.7429690808118367,"final/sampled_mrr":0.28502960258805465,"_timestamp":1.7681328310499208e+09,"eval/sampled_num_negatives":99,"eval/sampled_hr@10":0.5700056935283301,"alpha/mean":0.6642045083394602,"final/novelty@10":8.519312451703483,"final/sampled_ndcg@20":0.3783320037853363,"final/ndcg@20":0.10875208763988273,"eval/client_alpha":0.7302063273483682,"eval/recall@10":0.04558147854327949,"final/hit_rate@5":0.3872744183443963,"final/rmse":2.7932447846307253,"alpha/max":0.7353498723906504,"eval/sampled_hr@20":0.7306527502023312,"final/coverage@10":0.005449554195820915,"_wandb":{"runtime":1154},"eval/ndcg@20":0.10875208763988273,"eval/coverage@10":0.005449554195820915,"eval/accuracy@20":0.7429690808118367,"final/hit_rate@10":0.5692080121626865,"eval/coverage@20":0.008829449482716314,"final/precision@20":0.08726902028232206,"train/client_alpha":0.7302067190220533,"final/accuracy@5":0.3872744183443963,"eval/f1@10":0.050526968666219904,"eval/map@5":0.05725802232770817,"final/precision@5":0.10010598104969376,"final/recall@10":0.04558147854327949,"final/mae":2.5608107411508576,"_runtime":1154.90494097,"eval/mae":2.5608107411508576,"alpha/min":0.5906515753049535,"final/ndcg@10":0.10417348339856353,"eval/coverage@5":0.003989010144794044,"eval/ndcg@5":0.10554072284694822,"eval/novelty@20":8.639994428988443,"alpha/std":0.04750878758822233,"eval/precision@20":0.08726902028232206,"round":11,"final/recall@5":0.0251820652994386,"eval/hit_rate@10":0.5692080121626865,"final/recall@20":0.08061635919421599,"final/coverage@20":0.008829449482716314,"final/novelty@20":8.639994428988443,"eval/hit_rate@20":0.7429690808118367,"eval/accuracy@5":0.3872744183443963,"_step":11,"final/sampled_num_negatives":99,"final/sampled_hr@10":0.5700056935283301,"eval/recall@20":0.08061635919421599,"eval/ndcg@10":0.10417348339856353,"eval/novelty@5":8.424057773864993}