{"final/eval_loss":7.801222763026817,"eval/recall@20":0.08000319671092876,"eval/map@10":0.04053536778712633,"final/hit_rate@10":0.5682746375227617,"final/novelty@5":8.462955394607452,"final/hit_rate@5":0.38938386936039227,"eval/map@20":0.03329147307941147,"final/recall@20":0.08000319671092876,"final/mrr":0.2407504495452601,"eval/precision@20":0.08729931452637445,"final/map@20":0.03329147307941147,"final/coverage@20":0.008744318028828335,"final/map@5":0.05458639843549154,"eval/mrr":0.2407504495452601,"eval/coverage@20":0.008744318028828335,"eval/hit_rate@5":0.38938386936039227,"final/ndcg@5":0.10243105606293945,"final/novelty@20":8.639815202946936,"eval/coverage@10":0.005436153137490982,"eval/client_alpha":0.7302063273483682,"final/ndcg@20":0.10637001133501695,"eval/accuracy@5":0.38938386936039227,"eval/f1@5":0.034028278654086315,"final/precision@5":0.09983242925024303,"eval/map@5":0.05458639843549154,"eval/novelty@20":8.639815202946936,"final/accuracy@5":0.38938386936039227,"final/precision@20":0.08729931452637445,"eval/ndcg@10":0.10150867605107819,"alpha/min":0.5906515753049535,"eval/ndcg@5":0.10243105606293945,"alpha/mean":0.6642045083394602,"final/mae":2.559777945166106,"eval/hit_rate@20":0.7441878222116176,"final/novelty@10":8.517175070369047,"final/hit_rate@20":0.7441878222116176,"_timestamp":1.7681111108655047e+09,"final/accuracy@20":0.7441878222116176,"eval/hit_rate@10":0.5682746375227617,"final/precision@10":0.09459053591527135,"eval/novelty@10":8.517175070369047,"eval/f1@20":0.0671081366500308,"eval/rmse":2.792384174201952,"eval/recall@10":0.044744084319904065,"eval/novelty@5":8.462955394607452,"eval/precision@10":0.09459053591527135,"final/f1@20":0.0671081366500308,"final/recall@10":0.044744084319904065,"_step":11,"alpha/max":0.7353498723906504,"alpha/std":0.04750878758822232,"eval/mae":2.559777945166106,"final/recall@5":0.02472131356606966,"final/f1@10":0.04997599035218122,"_wandb":{"runtime":1105},"final/map@10":0.04053536778712633,"final/client_alpha":0.7302063273483682,"final/rmse":2.792384174201952,"final/coverage@5":0.0032139042615281855,"train/global_prototype_norm":0.2199591100215912,"round":11,"_runtime":1105.419244003,"final/f1@5":0.034028278654086315,"eval/accuracy@20":0.7441878222116176,"eval/accuracy@10":0.5682746375227617,"eval/eval_loss":7.801222763026817,"prototype/final_norm":0.2199591100215912,"eval/recall@5":0.02472131356606966,"final/ndcg@10":0.10150867605107819,"eval/precision@5":0.09983242925024303,"final/coverage@10":0.005436153137490982,"eval/ndcg@20":0.10637001133501695,"eval/coverage@5":0.0032139042615281855,"train/train_loss":0.5894083357196784,"final/accuracy@10":0.5682746375227617,"train/client_alpha":0.7302067190220533,"eval/f1@10":0.04997599035218122}