{"eval/hit_rate@20":0.7442669708842654,"final/ndcg@10":0.09870488959856581,"final/rmse":2.757368184256673,"final/recall@20":0.08075432175536562,"final/eval_loss":7.611369770799837,"eval/novelty@5":8.517124794983275,"eval/map@5":0.052550685459560285,"eval/mae":2.524878147139527,"eval/coverage@5":0.004810049217723641,"_wandb":{"runtime":1103},"eval/coverage@10":0.007647712190880579,"round":11,"eval/recall@5":0.023684664915222017,"eval/mrr":0.23885948097744306,"final/hit_rate@20":0.7442669708842654,"final/map@10":0.038998161454878874,"final/precision@10":0.09124516407378945,"eval/novelty@10":8.558967009259518,"final/f1@20":0.06694494767753555,"eval/coverage@20":0.012902726453477908,"eval/ndcg@20":0.10557323757791126,"final/precision@5":0.09599431850304507,"final/coverage@5":0.004810049217723641,"final/map@5":0.052550685459560285,"eval/precision@10":0.09124516407378945,"eval/novelty@20":8.658529956143951,"final/accuracy@20":0.7442669708842654,"eval/recall@10":0.04397995285873661,"final/accuracy@5":0.3826981479956835,"eval/f1@10":0.04878618617584836,"final/ndcg@5":0.09927236681421878,"eval/hit_rate@5":0.3826981479956835,"eval/accuracy@10":0.5683635216764913,"final/novelty@10":8.558967009259518,"eval/precision@5":0.09599431850304507,"eval/ndcg@5":0.09927236681421878,"final/coverage@10":0.007647712190880579,"train/train_loss":0.5723591892992553,"eval/precision@20":0.08605967485214151,"final/f1@5":0.032642605243797265,"final/mrr":0.23885948097744306,"final/hit_rate@10":0.5683635216764913,"eval/map@20":0.03296855489112652,"eval/ndcg@10":0.09870488959856581,"eval/eval_loss":7.611369770799837,"final/mae":2.524878147139527,"_timestamp":1.7669967875647619e+09,"final/accuracy@10":0.5683635216764913,"eval/accuracy@20":0.7442669708842654,"eval/recall@20":0.08075432175536562,"_runtime":1103.508278498,"_step":11,"eval/rmse":2.757368184256673,"final/novelty@5":8.517124794983275,"final/hit_rate@5":0.3826981479956835,"eval/f1@5":0.032642605243797265,"final/f1@10":0.04878618617584836,"eval/accuracy@5":0.3826981479956835,"final/precision@20":0.08605967485214151,"final/coverage@20":0.012902726453477908,"eval/f1@20":0.06694494767753555,"final/recall@5":0.023684664915222017,"eval/hit_rate@10":0.5683635216764913,"eval/map@10":0.038998161454878874,"final/ndcg@20":0.10557323757791126,"final/recall@10":0.04397995285873661,"final/novelty@20":8.658529956143951,"final/map@20":0.03296855489112652}