{"eval/map@20":0.03189657312918289,"eval/precision@10":0.08848191782569058,"final/mrr":0.22648745591702132,"final/precision@20":0.0791148682247638,"eval/hit_rate@10":0.541509218675162,"final/novelty@5":8.531869169638778,"_step":3,"_runtime":98.363784413,"eval/f1@10":0.04619487477630651,"train/train_loss":1.1919103775845523,"eval/mrr":0.23465029976436566,"final/coverage@10":0.0040474905558553695,"eval/recall@10":0.04135443596274463,"eval/coverage@10":0.004044380053539433,"final/map@20":0.030996436428700536,"eval/eval_loss":1.1161454898855796,"eval/novelty@5":8.560241220560787,"final/eval_loss":1.1074619560924577,"final/recall@20":0.07405366651961995,"eval/coverage@5":0.0021373197531014375,"final/novelty@10":8.62495228705942,"final/accuracy@5":0.35885960550306645,"final/novelty@20":8.76018835779554,"final/ndcg@5":0.09512780587563018,"final/f1@20":0.06122547968762318,"final/f1@5":0.030759110600829913,"eval/ndcg@10":0.09666216378208806,"final/recall@10":0.04060943265950193,"eval/f1@20":0.062159249647708296,"eval/precision@20":0.0808258269979412,"final/f1@10":0.04496620997469628,"round":3,"final/coverage@20":0.0059363194819212085,"eval/map@10":0.038775853013015185,"final/map@10":0.037179941407962096,"eval/accuracy@20":0.7117242501613255,"eval/ndcg@5":0.09900361291096527,"final/precision@5":0.09179512680258577,"final/rmse":1.0523601836233505,"final/hit_rate@10":0.5320735952262556,"eval/precision@5":0.09519429030158431,"final/precision@10":0.08521465274324548,"eval/rmse":1.0559786152864155,"eval/recall@20":0.07482939093616944,"final/ndcg@20":0.0983002253340828,"eval/ndcg@20":0.1007694919641219,"eval/hit_rate@20":0.7117242501613255,"eval/f1@5":0.03240708466577748,"eval/accuracy@10":0.541509218675162,"eval/accuracy@5":0.37539874939641354,"final/recall@5":0.02229924401363859,"final/map@5":0.05098329557802457,"eval/map@5":0.052855144959037446,"final/ndcg@10":0.09311669272857648,"eval/recall@5":0.023663793648178316,"eval/novelty@10":8.652345930540614,"final/hit_rate@5":0.35885960550306645,"final/accuracy@20":0.6948450190618266,"eval/hit_rate@5":0.37539874939641354,"final/coverage@5":0.0021586616297895305,"final/hit_rate@20":0.6948450190618266,"final/accuracy@10":0.5320735952262556,"_wandb":{"runtime":98},"eval/novelty@20":8.784272339258553,"eval/mae":0.8732398434402502,"_timestamp":1.7669782778614767e+09,"final/mae":0.8699670601827425,"eval/coverage@20":0.005920681991310345}