{"_timestamp":1.7681012247321663e+09,"final/coverage@10":0.006275740570067775,"eval/mrr":0.2437755399558345,"final/accuracy@5":0.3804981648040317,"final/client_alpha":0.7571583788386784,"final/map@5":0.054380216217624934,"eval/accuracy@10":0.5677033731958783,"train/client_alpha":0.7571588823419193,"eval/eval_loss":7.805419405163755,"eval/recall@20":0.07921319568269501,"final/novelty@10":8.56479886691923,"final/novelty@20":8.654460110185823,"eval/precision@5":0.09651220841993324,"final/f1@20":0.06669163653412516,"_runtime":1110.921997282,"eval/recall@10":0.04424151614637682,"alpha/min":0.5925898596757776,"eval/recall@5":0.02388407116884646,"final/recall@20":0.07921319568269501,"final/coverage@5":0.004060520673969829,"final/precision@5":0.09651220841993324,"eval/novelty@5":8.503169724581307,"final/ndcg@5":0.1013120910862285,"final/hit_rate@5":0.3804981648040317,"round":11,"final/eval_loss":7.805419405163755,"eval/map@5":0.054380216217624934,"eval/precision@10":0.09237193398196121,"eval/hit_rate@20":0.7406381038319398,"eval/coverage@20":0.009451881768787224,"final/map@10":0.04015275149555554,"_step":11,"eval/map@10":0.04015275149555554,"eval/client_alpha":0.7571583788386784,"eval/accuracy@20":0.7406381038319398,"final/recall@10":0.04424151614637682,"eval/novelty@20":8.654460110185823,"eval/map@20":0.03351696674012162,"eval/ndcg@20":0.10619157071064768,"eval/novelty@10":8.56479886691923,"eval/hit_rate@10":0.5677033731958783,"train/global_prototype_norm":0.2125062346458435,"train/train_loss":0.5912293710334695,"final/coverage@20":0.009451881768787224,"eval/coverage@5":0.004060520673969829,"eval/ndcg@5":0.1013120910862285,"final/hit_rate@10":0.5677033731958783,"final/rmse":2.793134145202037,"final/hit_rate@20":0.7406381038319398,"prototype/final_norm":0.2125062346458435,"eval/mae":2.560762857616472,"eval/coverage@10":0.006275740570067775,"alpha/std":0.055112759896263006,"eval/ndcg@10":0.10054313537676542,"eval/rmse":2.793134145202037,"_wandb":{"runtime":1110},"final/novelty@5":8.503169724581307,"final/precision@20":0.08637931043573178,"final/precision@10":0.09237193398196121,"eval/f1@5":0.03300116162404364,"final/mrr":0.2437755399558345,"eval/hit_rate@5":0.3804981648040317,"final/recall@5":0.02388407116884646,"final/ndcg@20":0.10619157071064768,"eval/f1@10":0.049238622494608274,"alpha/max":0.7635607214032646,"final/accuracy@20":0.7406381038319398,"final/mae":2.560762857616472,"final/ndcg@10":0.10054313537676542,"eval/accuracy@5":0.3804981648040317,"eval/f1@20":0.06669163653412516,"final/f1@10":0.049238622494608274,"alpha/mean":0.6779207302161248,"final/f1@5":0.03300116162404364,"final/map@20":0.03351696674012162,"final/accuracy@10":0.5677033731958783,"eval/precision@20":0.08637931043573178}