{"alpha/max":0.7353498723906504,"eval/hit_rate@5":0.3950477153946825,"final/coverage@5":0.004702143383479082,"final/precision@10":0.09498843614264924,"eval/accuracy@10":0.5803666651116669,"eval/mae":2.3130953460506443,"eval/accuracy@20":0.7506277768713733,"final/ndcg@5":0.1055107186731714,"train/train_loss":0.45715160254056586,"eval/map@10":0.04180708283962664,"final/precision@20":0.08875171010810923,"_wandb":{"runtime":9233},"final/coverage@20":0.015674530677469375,"eval/recall@5":0.025698565813417187,"eval/novelty@10":8.525020274738122,"eval/coverage@5":0.004702143383479082,"eval/sampled_hr@10":0.597340591072693,"final/precision@5":0.10117530057885185,"final/eval_loss":6.528276218803551,"final/accuracy@10":0.5803666651116669,"eval/accuracy@5":0.3950477153946825,"eval/rmse":2.553139257231511,"eval/precision@20":0.08875171010810923,"final/sampled_ndcg@5":0.29481021926684126,"prototype/final_norm":0.44690244348857894,"eval/ndcg@5":0.1055107186731714,"eval/recall@20":0.08207563151617156,"eval/coverage@10":0.007768002032827917,"_timestamp":1.7681470852388976e+09,"final/novelty@5":8.413580716282913,"final/sampled_num_negatives":99,"eval/f1@20":0.06853374085790816,"final/hit_rate@5":0.3950477153946825,"final/f1@10":0.05049212870497929,"eval/map@20":0.034952435387991324,"round":51,"final/rmse":2.553139257231511,"final/sampled_mrr":0.2918018993908747,"final/recall@5":0.025698565813417187,"eval/recall@10":0.045365442173132306,"eval/precision@5":0.10117530057885185,"eval/sampled_hr@5":0.4254612434151883,"_runtime":9233.15764302,"final/recall@20":0.08207563151617156,"final/map@20":0.034952435387991324,"final/mrr":0.2501164510004072,"eval/sampled_ndcg@10":0.35037870529244974,"final/ndcg@10":0.10394339874323234,"eval/sampled_mrr":0.2918018993908747,"eval/ndcg@10":0.10394339874323234,"final/novelty@10":8.525020274738122,"eval/hit_rate@10":0.5803666651116669,"final/ndcg@20":0.10972030066694158,"final/sampled_hr@5":0.4254612434151883,"final/sampled_ndcg@20":0.3869041188205355,"final/f1@5":0.03501603456452358,"final/sampled_hr@20":0.7418361937438185,"alpha/std":0.04750878758822233,"final/recall@10":0.045365442173132306,"eval/mrr":0.2501164510004072,"final/accuracy@5":0.3950477153946825,"eval/sampled_ndcg@20":0.3869041188205355,"eval/eval_loss":6.528276218803551,"eval/precision@10":0.09498843614264924,"eval/coverage@20":0.015674530677469375,"alpha/min":0.5906515753049535,"eval/novelty@20":8.643299128980416,"final/sampled_hr@10":0.597340591072693,"train/client_alpha":0.7302067190220533,"eval/ndcg@20":0.10972030066694158,"eval/sampled_num_users":5003.854471288673,"final/f1@20":0.06853374085790816,"final/client_alpha":0.7302063273483682,"final/map@10":0.04180708283962664,"eval/client_alpha":0.7302063273483682,"final/hit_rate@10":0.5803666651116669,"_step":51,"final/map@5":0.05664989553115083,"final/sampled_num_users":5003.854471288673,"final/accuracy@20":0.7506277768713733,"final/hit_rate@20":0.7506277768713733,"final/coverage@10":0.007768002032827917,"final/sampled_ndcg@10":0.35037870529244974,"train/global_prototype_norm":0.44690244348857894,"eval/sampled_num_negatives":99,"eval/hit_rate@20":0.7506277768713733,"eval/map@5":0.05664989553115083,"alpha/mean":0.6642045083394603,"eval/f1@10":0.05049212870497929,"eval/f1@5":0.03501603456452358,"final/novelty@20":8.643299128980416,"eval/novelty@5":8.413580716282913,"eval/sampled_hr@20":0.7418361937438185,"final/mae":2.3130953460506443,"eval/sampled_ndcg@5":0.29481021926684126}