{"final/hit_rate@10":0.5741700280828184,"final/accuracy@10":0.5741700280828184,"eval/precision@5":0.09664036890971581,"eval/coverage@10":0.006975778944709834,"train/train_loss":0.5851158673668371,"eval/coverage@5":0.003982194286943903,"eval/recall@5":0.024145637372327968,"eval/mrr":0.22851624870092876,"final/novelty@20":8.668332177739597,"final/accuracy@5":0.3807322712793766,"final/map@10":0.0386777757586361,"eval/novelty@10":8.534295803192778,"eval/hit_rate@10":0.5741700280828184,"eval/f1@10":0.05013596448759688,"alpha/mean":0.682645484871071,"train/client_alpha":0.8113913806271186,"eval/hit_rate@5":0.3807322712793766,"final/novelty@5":8.486342218299232,"final/precision@5":0.09664036890971581,"train/global_prototype_norm":0.2548440098762512,"final/ndcg@20":0.10383145752830454,"eval/accuracy@5":0.3807322712793766,"eval/eval_loss":7.767999052814881,"final/f1@20":0.06635336513341392,"final/f1@5":0.03311226135295859,"eval/coverage@20":0.010415372675446823,"eval/hit_rate@20":0.7448823372250069,"eval/accuracy@20":0.7448823372250069,"final/map@20":0.032022096574171224,"final/map@5":0.05095992742249149,"_runtime":1119.515491363,"final/f1@10":0.05013596448759688,"_wandb":{"runtime":1119},"eval/novelty@20":8.668332177739597,"eval/rmse":2.7862763583535135,"eval/map@5":0.05095992742249149,"final/recall@20":0.07930459442622115,"eval/map@10":0.0386777757586361,"eval/ndcg@5":0.09708018865515958,"final/coverage@5":0.003982194286943903,"final/recall@10":0.04523209037493672,"eval/f1@5":0.03311226135295859,"eval/accuracy@10":0.5741700280828184,"_timestamp":1.767979360391618e+09,"final/ndcg@5":0.09708018865515958,"final/hit_rate@5":0.3807322712793766,"eval/precision@20":0.08621658638345733,"_step":11,"final/coverage@10":0.006975778944709834,"final/rmse":2.7862763583535135,"prototype/final_norm":0.2548440098762512,"final/mae":2.5537076507005585,"eval/mae":2.5537076507005585,"final/precision@10":0.09404456719162586,"final/hit_rate@20":0.7448823372250069,"eval/map@20":0.032022096574171224,"final/mrr":0.22851624870092876,"final/precision@20":0.08621658638345733,"eval/recall@10":0.04523209037493672,"final/recall@5":0.024145637372327968,"final/client_alpha":0.8113904774106276,"eval/recall@20":0.07930459442622115,"final/accuracy@20":0.7448823372250069,"eval/precision@10":0.09404456719162586,"final/ndcg@10":0.09879970268967729,"round":11,"eval/ndcg@20":0.10383145752830454,"alpha/min":0.5526565046843045,"alpha/max":0.8223427242253708,"eval/novelty@5":8.486342218299232,"final/eval_loss":7.767999052814881,"eval/ndcg@10":0.09879970268967729,"alpha/std":0.08693356113034817,"final/coverage@20":0.010415372675446823,"eval/f1@20":0.06635336513341392,"final/novelty@10":8.534295803192778,"eval/client_alpha":0.8113904774106276}