{
    "model_name": "BASIC_MF_Federated_FEDPROX",
    "dataset": "ml-1m",
    "federated_config": {
        "num_rounds": 10,
        "num_clients": 10,
        "fraction_train": 1.0,
        "strategy": "fedprox",
        "proximal_mu": 0.01,
        "model_type": "basic",
        "embedding_dim": 128,
        "dropout": 0.1,
        "learning_rate": 0.005
    },
    "timestamp": "2025-12-23T23:47:48.720627",
    "final_metrics": {
        "eval_loss": 0.9345685142085414,
        "rmse": 0.9667308385334535,
        "mae": 0.7794032525783111,
        "hit_rate@5": 0.31576330183988066,
        "accuracy@5": 0.31576330183988066,
        "precision@5": 0.0786341786839052,
        "recall@5": 0.018211007592918355,
        "f1@5": 0.025256338352828516,
        "ndcg@5": 0.07765018562223305,
        "map@5": 0.03998360867082896,
        "coverage@5": 0.0016189962223421479,
        "novelty@5": 8.760712765525602,
        "hit_rate@10": 0.47389358528095477,
        "accuracy@10": 0.47389358528095477,
        "precision@10": 0.07268357367810377,
        "recall@10": 0.03369984319884087,
        "f1@10": 0.03759372709399493,
        "ndcg@10": 0.07645168128003144,
        "map@10": 0.02907901493286045,
        "coverage@10": 0.0029681597409606042,
        "novelty@10": 8.892719842508132,
        "hit_rate@20": 0.6449527598209845,
        "accuracy@20": 0.6449527598209845,
        "precision@20": 0.06611138736946794,
        "recall@20": 0.060353278785850305,
        "f1@20": 0.05036362810824071,
        "ndcg@20": 0.07937667085199089,
        "map@20": 0.02315341889365776,
        "coverage@20": 0.007555315704263357,
        "novelty@20": 9.081892695114098,
        "mrr": 0.1853505444258816
    },
    "training_rounds": 10
}