{
    "model_name": "BASIC_MF_Federated",
    "dataset": "ml-1m",
    "federated_config": {
        "num_rounds": 10,
        "num_clients": 10,
        "fraction_train": 1.0,
        "model_type": "basic",
        "embedding_dim": 128,
        "dropout": 0.1,
        "learning_rate": 0.005
    },
    "timestamp": "2025-12-01T17:53:43.505543",
    "final_metrics": {
        "eval_loss": 0.5135422335401048,
        "rmse": 0.7166186109299465,
        "mae": 0.5432701502717694,
        "hit_rate@5": 0.29636996519144704,
        "accuracy@5": 0.29636996519144704,
        "precision@5": 0.07107575004143876,
        "recall@5": 0.02216174181534752,
        "f1@5": 0.02860862944348802,
        "ndcg@5": 0.07539231436010606,
        "map@5": 0.039624426763909606,
        "coverage@5": 0.44711279007015653,
        "novelty@5": 10.565488794017877,
        "hit_rate@10": 0.44952759820984584,
        "accuracy@10": 0.44952759820984584,
        "precision@10": 0.06399801093983093,
        "recall@10": 0.03710884710917688,
        "f1@10": 0.03801539981330189,
        "ndcg@10": 0.07329155853499737,
        "map@10": 0.02871202363756708,
        "coverage@10": 0.5264436049649217,
        "novelty@10": 10.574155645966076,
        "hit_rate@20": 0.618929222608984,
        "accuracy@20": 0.618929222608984,
        "precision@20": 0.0560583457649594,
        "recall@20": 0.05854821588256171,
        "f1@20": 0.045503714914279875,
        "ndcg@20": 0.07591456174859686,
        "map@20": 0.023878677573121992,
        "coverage@20": 0.5898542903399892,
        "novelty@20": 10.606333453835951,
        "mrr": 0.19082175934415088
    },
    "training_rounds": 10
}