{
    "model_name": "BASIC_MF_Federated_FEDPROX",
    "dataset": "ml-1m",
    "federated_config": {
        "num_rounds": 10,
        "num_clients": 10,
        "fraction_train": 1.0,
        "strategy": "fedprox",
        "proximal_mu": 0.01,
        "model_type": "basic",
        "embedding_dim": 128,
        "dropout": 0.1,
        "learning_rate": 0.005
    },
    "timestamp": "2025-12-28T20:16:29.803976",
    "final_metrics": {
        "eval_loss": 0.9341592405864525,
        "rmse": 0.9665191361823696,
        "mae": 0.7769475006623121,
        "hit_rate@5": 0.324548317586607,
        "accuracy@5": 0.324548317586607,
        "precision@5": 0.08108735289242498,
        "recall@5": 0.018959758724616815,
        "f1@5": 0.02635773816100851,
        "ndcg@5": 0.08050820775100459,
        "map@5": 0.04165695158111866,
        "coverage@5": 0.0013491635186184566,
        "novelty@5": 8.681157799770522,
        "hit_rate@10": 0.48516492623901875,
        "accuracy@10": 0.48516492623901875,
        "precision@10": 0.07303165920769103,
        "recall@10": 0.034145551098414155,
        "f1@10": 0.038088682984368114,
        "ndcg@10": 0.07803761872495493,
        "map@10": 0.0299189386358567,
        "coverage@10": 0.003507825148407987,
        "novelty@10": 8.882914451449034,
        "hit_rate@20": 0.6736283772584121,
        "accuracy@20": 0.6736283772584121,
        "precision@20": 0.07086026852312283,
        "recall@20": 0.0659642608622321,
        "f1@20": 0.054574171315294365,
        "ndcg@20": 0.08510480336868971,
        "map@20": 0.02506816711818765,
        "coverage@20": 0.005666486778197518,
        "novelty@20": 8.980968961349317,
        "mrr": 0.1934927084688536
    },
    "training_rounds": 10
}