{
    "model_name": "BASIC_MF_Federated_FEDAVG",
    "dataset": "ml-1m",
    "federated_config": {
        "num_rounds": 10,
        "num_clients": 10,
        "fraction_train": 1.0,
        "strategy": "fedavg",
        "proximal_mu": 0.01,
        "model_type": "basic",
        "embedding_dim": 128,
        "dropout": 0.1,
        "learning_rate": 0.005
    },
    "timestamp": "2025-12-28T20:39:37.717182",
    "final_metrics": {
        "eval_loss": 0.934060158597354,
        "rmse": 0.9664678776827436,
        "mae": 0.7771877850567153,
        "hit_rate@5": 0.3091331012763136,
        "accuracy@5": 0.3091331012763136,
        "precision@5": 0.07631360848665672,
        "recall@5": 0.018194062253974817,
        "f1@5": 0.02501399651540862,
        "ndcg@5": 0.07674925650131412,
        "map@5": 0.039663102933863756,
        "coverage@5": 0.0018888289260658392,
        "novelty@5": 8.780907043745753,
        "hit_rate@10": 0.4705784849991712,
        "accuracy@10": 0.4705784849991712,
        "precision@10": 0.07100944803580309,
        "recall@10": 0.032573556112387256,
        "f1@10": 0.036608833798786614,
        "ndcg@10": 0.07545531992023313,
        "map@10": 0.028765282589329692,
        "coverage@10": 0.0029681597409606042,
        "novelty@10": 8.916563098727975,
        "hit_rate@20": 0.6548980606663352,
        "accuracy@20": 0.6548980606663352,
        "precision@20": 0.06739598872865904,
        "recall@20": 0.062284406504502,
        "f1@20": 0.05165917638949828,
        "ndcg@20": 0.08117522774420205,
        "map@20": 0.02372266720384364,
        "coverage@20": 0.0062061521856449,
        "novelty@20": 9.038826051942474,
        "mrr": 0.18819156142938806
    },
    "training_rounds": 10
}