{
    "model_name": "BASIC_MF_Federated_FEDAVG",
    "dataset": "ml-1m",
    "federated_config": {
        "num_rounds": 2,
        "num_clients": 10,
        "fraction_train": 1.0,
        "strategy": "fedavg",
        "proximal_mu": 0.01,
        "model_type": "basic",
        "embedding_dim": 128,
        "dropout": 0.1,
        "learning_rate": 0.005
    },
    "timestamp": "2025-12-29T10:17:57.865541",
    "final_metrics": {
        "eval_loss": 1.1074619560924577,
        "rmse": 1.0523601836233505,
        "mae": 0.8699670601827425,
        "hit_rate@5": 0.35885960550306645,
        "accuracy@5": 0.35885960550306645,
        "precision@5": 0.09179512680258577,
        "recall@5": 0.02229924401363859,
        "f1@5": 0.030759110600829913,
        "ndcg@5": 0.09512780587563018,
        "map@5": 0.05098329557802457,
        "coverage@5": 0.0021586616297895305,
        "novelty@5": 8.531869169638778,
        "hit_rate@10": 0.5320735952262556,
        "accuracy@10": 0.5320735952262556,
        "precision@10": 0.08521465274324548,
        "recall@10": 0.04060943265950193,
        "f1@10": 0.04496620997469628,
        "ndcg@10": 0.09311669272857648,
        "map@10": 0.037179941407962096,
        "coverage@10": 0.0040474905558553695,
        "novelty@10": 8.62495228705942,
        "hit_rate@20": 0.6948450190618266,
        "accuracy@20": 0.6948450190618266,
        "precision@20": 0.0791148682247638,
        "recall@20": 0.07405366651961995,
        "f1@20": 0.06122547968762318,
        "ndcg@20": 0.0983002253340828,
        "map@20": 0.030996436428700536,
        "coverage@20": 0.0059363194819212085,
        "novelty@20": 8.76018835779554,
        "mrr": 0.22648745591702132
    },
    "training_rounds": 2
}