{
    "model_name": "BPR_MF_Federated_FEDPROX",
    "dataset": "ml-1m",
    "federated_config": {
        "num_rounds": 10,
        "num_clients": 10,
        "fraction_train": 1.0,
        "strategy": "fedprox",
        "proximal_mu": 0.01,
        "model_type": "bpr",
        "embedding_dim": 128,
        "dropout": 0.1,
        "learning_rate": 0.005
    },
    "timestamp": "2025-12-29T14:38:16.798607",
    "final_metrics": {
        "eval_loss": 7.595867392198535,
        "rmse": 2.7545140625365923,
        "mae": 2.5218926919054687,
        "hit_rate@5": 0.3798665511314832,
        "accuracy@5": 0.3798665511314832,
        "precision@5": 0.09678790701207443,
        "recall@5": 0.02356458351562415,
        "f1@5": 0.032351092511174837,
        "ndcg@5": 0.10076007109314526,
        "map@5": 0.05405533349031021,
        "coverage@5": 0.004963488975072734,
        "novelty@5": 8.510652656746691,
        "hit_rate@10": 0.57080977931756,
        "accuracy@10": 0.57080977931756,
        "precision@10": 0.0929077484615295,
        "recall@10": 0.04421782146071683,
        "f1@10": 0.04929136937545534,
        "ndcg@10": 0.10058399792197346,
        "map@10": 0.04023144170375854,
        "coverage@10": 0.007012663890863032,
        "novelty@10": 8.567619889127469,
        "hit_rate@20": 0.7492381336228819,
        "accuracy@20": 0.7492381336228819,
        "precision@20": 0.08783321010361772,
        "recall@20": 0.08141758841547668,
        "f1@20": 0.06791899602903084,
        "ndcg@20": 0.10753686357523104,
        "map@20": 0.033907443507344696,
        "coverage@20": 0.011502505374728134,
        "novelty@20": 8.637342121489784,
        "mrr": 0.2425455750679385
    },
    "training_rounds": 10
}