{
    "model_name": "BPR_MF_Federated",
    "dataset": "ml-1m",
    "federated_config": {
        "num_rounds": 10,
        "num_clients": 10,
        "fraction_train": 1.0,
        "model_type": "bpr",
        "embedding_dim": 128,
        "dropout": 0.1,
        "learning_rate": 0.005
    },
    "timestamp": "2025-12-01T17:29:29.069460",
    "final_metrics": {
        "eval_loss": 3.8735070400607223,
        "rmse": 1.9681227197645912,
        "mae": 1.6726990557690893,
        "hit_rate@5": 0.4611304491960882,
        "accuracy@5": 0.4611304491960882,
        "precision@5": 0.1236200895077076,
        "recall@5": 0.03185698337218411,
        "f1@5": 0.04387777644913203,
        "ndcg@5": 0.12783679668620998,
        "map@5": 0.06988166933716411,
        "coverage@5": 0.06583917970858068,
        "novelty@5": 8.640161805796925,
        "hit_rate@10": 0.649096635173214,
        "accuracy@10": 0.649096635173214,
        "precision@10": 0.11516658378915962,
        "recall@10": 0.05663398653328835,
        "f1@10": 0.06302490746094445,
        "ndcg@10": 0.12539273559089223,
        "map@10": 0.052131069936922465,
        "coverage@10": 0.09498111171073934,
        "novelty@10": 8.713940611570033,
        "hit_rate@20": 0.7961213326703133,
        "accuracy@20": 0.7961213326703133,
        "precision@20": 0.1048897729156307,
        "recall@20": 0.09954379452000416,
        "f1@20": 0.08305943031156572,
        "ndcg@20": 0.13092440210198397,
        "map@20": 0.043839227012419414,
        "coverage@20": 0.13410685375067458,
        "novelty@20": 8.808856311942181,
        "mrr": 0.2861816580332621
    },
    "training_rounds": 10
}