{"final/coverage@5":0.0018888289260658392,"final/precision@10":0.07100944803580309,"final/accuracy@20":0.6548980606663352,"eval/precision@10":0.07205626578959376,"eval/coverage@10":0.0029499283665884468,"eval/accuracy@5":0.3173101790131884,"eval/f1@5":0.024908825823138612,"eval/coverage@20":0.006206152185644899,"final/hit_rate@10":0.4705784849991712,"final/coverage@20":0.0062061521856449,"final/ndcg@10":0.07545531992023313,"eval/recall@10":0.03295011361459985,"eval/accuracy@10":0.4748762329004012,"eval/mrr":0.1884080329183725,"eval/hit_rate@5":0.3173101790131884,"final/f1@10":0.036608833798786614,"final/mrr":0.18819156142938806,"eval/mae":0.782583437435383,"final/rmse":0.9664678776827436,"eval/eval_loss":0.9464973054704953,"eval/ndcg@5":0.07832763384276752,"final/hit_rate@20":0.6548980606663352,"_wandb":{"runtime":861},"final/map@20":0.02372266720384364,"final/coverage@10":0.0029681597409606042,"final/map@10":0.028765282589329692,"final/f1@20":0.05165917638949828,"eval/accuracy@20":0.6588042902202568,"eval/f1@10":0.036951233002480356,"train/train_loss":0.9922714458326599,"final/precision@20":0.06739598872865904,"eval/ndcg@10":0.07639215617130032,"eval/recall@20":0.062249653140307046,"eval/novelty@10":8.940136762362645,"eval/map@5":0.04049638002533608,"eval/hit_rate@10":0.4748762329004012,"final/map@5":0.039663102933863756,"eval/ndcg@20":0.08182681783156362,"_step":11,"final/precision@5":0.07631360848665672,"final/novelty@5":8.780907043745753,"final/recall@5":0.018194062253974817,"eval/map@20":0.023838872177299006,"final/recall@10":0.032573556112387256,"eval/coverage@5":0.0018862350423045444,"eval/hit_rate@20":0.6588042902202568,"final/accuracy@5":0.3091331012763136,"eval/precision@20":0.0685364880082669,"final/novelty@10":8.916563098727975,"eval/novelty@20":9.07433706071781,"_runtime":861.349169492,"final/mae":0.7771877850567153,"eval/precision@5":0.07875934316650363,"eval/f1@20":0.05197744165401408,"final/accuracy@10":0.4705784849991712,"final/novelty@20":9.038826051942474,"final/recall@20":0.062284406504502,"eval/novelty@5":8.818202237258122,"eval/map@10":0.029101624633338236,"final/eval_loss":0.934060158597354,"final/hit_rate@5":0.3091331012763136,"_timestamp":1.766929177712284e+09,"final/ndcg@5":0.07674925650131412,"eval/rmse":0.9722208724121222,"final/ndcg@20":0.08117522774420205,"final/f1@5":0.02501399651540862,"round":11,"eval/recall@5":0.01783461909322651}