{"eval/f1@5":0.023953391818743577,"eval/mae":0.7823211795477099,"final/recall@20":0.0670127500782201,"eval/novelty@10":8.775519073847716,"final/coverage@20":0.0064759848893685915,"eval/precision@20":0.07230201986880772,"eval/coverage@5":0.0023920315847689075,"final/precision@20":0.07168075584286425,"final/f1@5":0.02407433380328265,"final/novelty@5":8.820275931426725,"eval/ndcg@10":0.08285460749140021,"eval/map@20":0.0247033921531175,"final/map@5":0.038004355673425784,"final/coverage@10":0.0032379924446842958,"final/accuracy@20":0.6766119675120172,"final/f1@10":0.042225588535358,"final/mae":0.7771026080891421,"eval/accuracy@20":0.6836470272042445,"final/hit_rate@20":0.6766119675120172,"eval/recall@10":0.03894576266181973,"final/hit_rate@10":0.509862423338306,"eval/hit_rate@5":0.3081705643850907,"eval/recall@20":0.06663597193051594,"eval/ndcg@5":0.0757103971593881,"eval/f1@20":0.05546556123525943,"_runtime":948.599751612,"final/map@10":0.030212448079403043,"final/accuracy@10":0.509862423338306,"round":11,"final/coverage@5":0.0024284943335132216,"final/mrr":0.18704737779755523,"final/accuracy@5":0.3023371456986574,"final/f1@20":0.05536726285807548,"final/ndcg@5":0.0741056340028238,"final/novelty@10":8.748471967304301,"final/ndcg@20":0.08481565168542933,"train/train_loss":0.9932921099071923,"eval/map@5":0.03893194701995319,"eval/novelty@5":8.857031305501462,"eval/ndcg@20":0.08536584321494467,"final/eval_loss":0.9349497438443696,"final/hit_rate@5":0.3023371456986574,"eval/hit_rate@20":0.6836470272042445,"_wandb":{"runtime":948},"eval/precision@10":0.08204632075890432,"final/rmse":0.9669279931057538,"final/recall@10":0.03829576090979474,"eval/recall@5":0.01713782998233103,"final/precision@10":0.07994364329520968,"final/novelty@20":8.954976028673396,"eval/mrr":0.18869109314368804,"eval/coverage@20":0.006457753514996434,"eval/precision@5":0.07653576998483776,"eval/eval_loss":0.9469959219221091,"eval/novelty@20":8.985380537286584,"_step":11,"eval/hit_rate@10":0.5208072162322207,"eval/rmse":0.9724784498080331,"eval/f1@10":0.0431079960690088,"final/recall@5":0.017327440180402946,"_timestamp":1.7665641987811198e+09,"eval/accuracy@10":0.5208072162322207,"final/map@20":0.024668007708094485,"final/precision@5":0.07458975634012929,"final/ndcg@10":0.08098662947453235,"eval/map@10":0.030912682561920913,"eval/accuracy@5":0.3081705643850907,"eval/coverage@10":0.0032197610703121383}